record_id,subset
A0001,train
A0002,train
A0003,train
A0004,train
A0005,train
A0006,train
A0007,train
A0008,train
A0009,train
A0010,train
A0011,train
A0012,train
A0013,train
A0014,train
A0015,train
A0016,train
A0017,train
A0018,train
A0019,train
A0020,train
A0021,train
A0022,train
A0023,train
A0024,train
A0025,train
A0026,train
A0027,train
A0028,train
A0029,train
A0030,train
A0031,train
A0032,train
A0033,train
A0034,train
A0035,train
A0036,train
A0037,train
A0038,train
A0039,train
A0040,train
A0041,train
A0042,train
A0043,train
A0044,train
A0045,train
A0046,train
A0047,train
A0048,train
A0049,train
A0050,train
A0051,train
A0052,train
A0053,train
A0054,train
A0055,train
A0056,train
A0057,train
A0058,train
A0059,train
A0060,train
A0061,train
A0062,train
A0063,train
A0064,train
A0065,train
A0066,train
A0067,train
A0068,train
A0069,train
A0070,train
A0071,train
A0072,train
A0073,train
A0074,train
A0075,train
A0076,train
A0077,train
A0078,train
A0079,train
A0080,train
A0081,train
A0082,train
A0083,train
A0084,train
A0085,train
A0086,train
A0087,train
A0088,train
A0089,train
A0090,train
A0091,train
A0092,train
A0093,train
A0094,train
A0095,train
A0096,train
A0097,train
A0098,train
A0099,train
A0100,train
A0101,train
A0102,train
A0103,train
A0104,train
A0105,train
A0106,train
A0107,train
A0108,train
A0109,train
A0110,train
A0111,train
A0112,train
A0113,train
A0114,train
A0115,train
A0116,train
A0117,train
A0118,train
A0119,train
A0120,train
A0121,train
A0122,train
A0123,train
A0124,train
A0125,train
A0126,train
A0127,train
A0128,train
A0129,train
A0130,train
A0131,train
A0132,train
A0133,train
A0134,train
A0135,train
A0136,train
A0137,train
A0138,train
A0139,train
A0140,train
A0141,train
A0142,train
A0143,train
A0144,train
A0145,train
A0146,train
A0147,train
A0148,train
A0149,train
A0150,train
A0151,train
A0152,train
A0153,train
A0154,train
A0155,train
A0156,train
A0157,train
A0158,train
A0159,train
A0160,train
A0161,train
A0162,train
A0163,train
A0164,train
A0165,train
A0166,train
A0167,train
A0168,train
A0169,train
A0170,train
A0171,train
A0172,train
A0173,train
A0174,train
A0175,train
A0176,train
A0177,train
A0178,train
A0179,train
A0180,train
A0181,train
A0182,train
A0183,train
A0184,train
A0185,train
A0186,train
A0187,train
A0188,train
A0189,train
A0190,train
A0191,train
A0192,train
A0193,train
A0194,train
A0195,train
A0196,train
A0197,train
A0198,train
A0199,train
A0200,train
A0201,train
A0202,train
A0203,train
A0204,train
A0205,train
A0206,train
A0207,train
A0208,train
A0209,train
A0210,train
A0211,train
A0212,train
A0213,train
A0214,train
A0215,train
A0216,train
A0217,train
A0218,train
A0219,train
A0220,train
A0221,train
A0222,train
A0223,train
A0224,train
A0225,train
A0226,train
A0227,train
A0228,train
A0229,train
A0230,train
A0231,train
A0232,train
A0233,train
A0234,train
A0235,train
A0236,train
A0237,train
A0238,train
A0239,train
A0240,train
A0241,train
A0242,train
A0243,train
A0244,train
A0245,train
A0246,train
A0247,train
A0248,train
A0249,train
A0250,train
A0251,train
A0252,train
A0253,train
A0254,train
A0255,train
A0256,train
A0257,train
A0258,train
A0259,train
A0260,train
A0261,train
A0262,train
A0263,train
A0264,train
A0265,train
A0266,train
A0267,train
A0268,train
A0269,train
A0270,train
A0271,train
A0272,train
A0273,train
A0274,train
A0275,train
A0276,train
A0277,train
A0278,train
A0279,train
A0280,train
A0281,train
A0282,train
A0283,train
A0284,train
A0285,train
A0286,train
A0287,train
A0288,train
A0289,train
A0290,train
A0291,train
A0292,train
A0293,train
A0294,train
A0295,train
A0296,train
A0297,train
A0298,train
A0299,train
A0300,train
A0301,train
A0302,train
A0303,train
A0304,train
A0305,train
A0306,train
A0307,train
A0308,train
A0309,train
A0310,train
A0311,train
A0312,train
A0313,train
A0314,train
A0315,train
A0316,train
A0317,train
A0318,train
A0319,train
A0320,train
A0321,train
A0322,train
A0323,train
A0324,train
A0325,train
A0326,train
A0327,train
A0328,train
A0329,train
A0330,train
A0331,train
A0332,train
A0333,train
A0334,train
A0335,train
A0336,train
A0337,train
A0338,train
A0339,train
A0340,train
A0341,train
A0342,train
A0343,train
A0344,train
A0345,train
A0346,train
A0347,train
A0348,train
A0349,train
A0350,train
A0351,train
A0352,train
A0353,train
A0354,train
A0355,train
A0356,train
A0357,train
A0358,train
A0359,train
A0360,train
A0361,train
A0362,train
A0363,train
A0364,train
A0365,train
A0366,train
A0367,train
A0368,train
A0369,train
A0370,train
A0371,train
A0372,train
A0373,train
A0374,train
A0375,train
A0376,train
A0377,train
A0378,train
A0379,train
A0380,train
A0381,train
A0382,train
A0383,train
A0384,train
A0385,train
A0386,train
A0387,train
A0388,train
A0389,train
A0390,train
A0391,train
A0392,train
A0393,train
A0394,train
A0395,train
A0396,train
A0397,train
A0398,train
A0399,train
A0400,train
A0401,train
A0402,train
A0403,train
A0404,train
A0405,train
A0406,train
A0407,train
A0408,train
A0409,train
A0410,train
A0411,train
A0412,train
A0413,train
A0414,train
A0415,train
A0416,train
A0417,train
A0418,train
A0419,train
A0420,train
A0421,train
A0422,train
A0423,train
A0424,train
A0425,train
A0426,train
A0427,train
A0428,train
A0429,train
A0430,train
A0431,train
A0432,train
A0433,train
A0434,train
A0435,train
A0436,train
A0437,train
A0438,train
A0439,train
A0440,train
A0441,train
A0442,train
A0443,train
A0444,train
A0445,train
A0446,train
A0447,train
A0448,train
A0449,train
A0450,train
A0451,train
A0452,train
A0453,train
A0454,train
A0455,train
A0456,train
A0457,train
A0458,train
A0459,train
A0460,train
A0461,train
A0462,train
A0463,train
A0464,train
A0465,train
A0466,train
A0467,train
A0468,train
A0469,train
A0470,train
A0471,train
A0472,train
A0473,train
A0474,train
A0475,train
A0476,train
A0477,train
A0478,train
A0479,train
A0480,train
A0481,train
A0482,train
A0483,train
A0484,train
A0485,train
A0486,train
A0487,train
A0488,train
A0489,train
A0490,train
A0491,train
A0492,train
A0493,train
A0494,train
A0495,train
A0496,train
A0497,train
A0498,train
A0499,train
A0500,train
A0501,train
A0502,train
A0503,train
A0504,train
A0505,train
A0506,train
A0507,train
A0508,train
A0509,train
A0510,train
A0511,train
A0512,train
A0513,train
A0514,train
A0515,train
A0516,train
A0517,train
A0518,train
A0519,train
A0520,train
A0521,train
A0522,train
A0523,train
A0524,train
A0525,train
A0526,train
A0527,train
A0528,train
A0529,train
A0530,train
A0531,train
A0532,train
A0533,train
A0534,train
A0535,train
A0536,train
A0537,train
A0538,train
A0539,train
A0540,train
A0541,train
A0542,train
A0543,train
A0544,train
A0545,train
A0546,train
A0547,train
A0548,train
A0549,train
A0550,train
A0551,train
A0552,train
A0553,train
A0554,train
A0555,train
A0556,train
A0557,train
A0558,train
A0559,train
A0560,train
A0561,train
A0562,train
A0563,train
A0564,train
A0565,train
A0566,train
A0567,train
A0568,train
A0569,train
A0570,train
A0571,train
A0572,train
A0573,train
A0574,train
A0575,train
A0576,train
A0577,train
A0578,train
A0579,train
A0580,train
A0581,train
A0582,train
A0583,train
A0584,train
A0585,train
A0586,train
A0587,train
A0588,train
A0589,train
A0590,train
A0591,train
A0592,train
A0593,train
A0594,train
A0595,train
A0596,train
A0597,train
A0598,train
A0599,train
A0600,train
A0601,train
A0602,train
A0603,train
A0604,train
A0605,train
A0606,train
A0607,train
A0608,train
A0609,train
A0610,train
A0611,train
A0612,train
A0613,train
A0614,train
A0615,train
A0616,train
A0617,train
A0618,train
A0619,train
A0620,train
A0621,train
A0622,train
A0623,train
A0624,train
A0625,train
A0626,train
A0627,train
A0628,train
A0629,train
A0630,train
A0631,train
A0632,train
A0633,train
A0634,train
A0635,train
A0636,train
A0637,train
A0638,train
A0639,train
A0640,train
A0641,train
A0642,train
A0643,train
A0644,train
A0645,train
A0646,train
A0647,train
A0648,train
A0649,train
A0650,train
A0651,train
A0652,train
A0653,train
A0654,train
A0655,train
A0656,train
A0657,train
A0658,train
A0659,train
A0660,train
A0661,train
A0662,train
A0663,train
A0664,train
A0665,train
A0666,train
A0667,train
A0668,train
A0669,train
A0670,train
A0671,train
A0672,train
A0673,train
A0674,train
A0675,train
A0676,train
A0677,train
A0678,train
A0679,train
A0680,train
A0681,train
A0682,train
A0683,train
A0684,train
A0685,train
A0686,train
A0687,train
A0688,train
A0689,train
A0690,train
A0691,train
A0692,train
A0693,train
A0694,train
A0695,train
A0696,train
A0697,train
A0698,train
A0699,train
A0700,train
A0701,train
A0702,train
A0703,train
A0704,train
A0705,train
A0706,train
A0707,train
A0708,train
A0709,train
A0710,train
A0711,train
A0712,train
A0713,train
A0714,train
A0715,train
A0716,train
A0717,train
A0718,train
A0719,train
A0720,train
A0721,train
A0722,train
A0723,train
A0724,train
A0725,train
A0726,train
A0727,train
A0728,train
A0729,train
A0730,train
A0731,train
A0732,train
A0733,train
A0734,train
A0735,train
A0736,train
A0737,train
A0738,train
A0739,train
A0740,train
A0741,train
A0742,train
A0743,train
A0744,train
A0745,train
A0746,train
A0747,train
A0748,train
A0749,train
A0750,train
A0751,train
A0752,train
A0753,train
A0754,train
A0755,train
A0756,train
A0757,train
A0758,train
A0759,train
A0760,train
A0761,train
A0762,train
A0763,train
A0764,train
A0765,train
A0766,train
A0767,train
A0768,train
A0769,train
A0770,train
A0771,train
A0772,train
A0773,train
A0774,train
A0775,train
A0776,train
A0777,train
A0778,train
A0779,train
A0780,train
A0781,train
A0782,train
A0783,train
A0784,train
A0785,train
A0786,train
A0787,train
A0788,train
A0789,train
A0790,train
A0791,train
A0792,train
A0793,train
A0794,train
A0795,train
A0796,train
A0797,train
A0798,train
A0799,train
A0800,train
A0801,train
A0802,train
A0803,train
A0804,train
A0805,train
A0806,train
A0807,train
A0808,train
A0809,train
A0810,train
A0811,train
A0812,train
A0813,train
A0814,train
A0815,train
A0816,train
A0817,train
A0818,train
A0819,train
A0820,train
A0821,train
A0822,train
A0823,train
A0824,train
A0825,train
A0826,train
A0827,train
A0828,train
A0829,train
A0830,train
A0831,train
A0832,train
A0833,train
A0834,train
A0835,train
A0836,train
A0837,train
A0838,train
A0839,train
A0840,train
A0841,train
A0842,train
A0843,train
A0844,train
A0845,train
A0846,train
A0847,train
A0848,train
A0849,train
A0850,train
A0851,train
A0852,train
A0853,train
A0854,train
A0855,train
A0856,train
A0857,train
A0858,train
A0859,train
A0860,train
A0861,train
A0862,train
A0863,train
A0864,train
A0865,train
A0866,train
A0867,train
A0868,train
A0869,train
A0870,train
A0871,train
A0872,train
A0873,train
A0874,train
A0875,train
A0876,train
A0877,train
A0878,train
A0879,train
A0880,train
A0881,train
A0882,train
A0883,train
A0884,train
A0885,train
A0886,train
A0887,train
A0888,train
A0889,train
A0890,train
A0891,train
A0892,train
A0893,train
A0894,train
A0895,train
A0896,train
A0897,train
A0898,train
A0899,train
A0900,train
A0901,train
A0902,train
A0903,train
A0904,train
A0905,train
A0906,train
A0907,train
A0908,train
A0909,train
A0910,train
A0911,train
A0912,train
A0913,train
A0914,train
A0915,train
A0916,train
A0917,train
A0918,train
A0919,train
A0920,train
A0921,train
A0922,train
A0923,train
A0924,train
A0925,train
A0926,train
A0927,train
A0928,train
A0929,train
A0930,train
A0931,train
A0932,train
A0933,train
A0934,train
A0935,train
A0936,train
A0937,train
A0938,train
A0939,train
A0940,train
A0941,train
A0942,train
A0943,train
A0944,train
A0945,train
A0946,train
A0947,train
A0948,train
A0949,train
A0950,train
A0951,train
A0952,train
A0953,train
A0954,train
A0955,train
A0956,train
A0957,train
A0958,train
A0959,train
A0960,train
A0961,train
A0962,train
A0963,train
A0964,train
A0965,train
A0966,train
A0967,train
A0968,train
A0969,train
A0970,train
A0971,train
A0972,train
A0973,train
A0974,train
A0975,train
A0976,train
A0977,train
A0978,train
A0979,train
A0980,train
A0981,train
A0982,train
A0983,train
A0984,train
A0985,train
A0986,train
A0987,train
A0988,train
A0989,train
A0990,train
A0991,train
A0992,train
A0993,train
A0994,train
A0995,train
A0996,train
A0997,train
A0998,train
A0999,train
A1000,train
A1001,train
A1002,train
A1003,train
A1004,train
A1005,train
A1006,train
A1007,train
A1008,train
A1009,train
A1010,train
A1011,train
A1012,train
A1013,train
A1014,train
A1015,train
A1016,train
A1017,train
A1018,train
A1019,train
A1020,train
A1021,train
A1022,train
A1023,train
A1024,train
A1025,train
A1026,train
A1027,train
A1028,train
A1029,train
A1030,train
A1031,train
A1032,train
A1033,train
A1034,train
A1035,train
A1036,train
A1037,train
A1038,train
A1039,train
A1040,train
A1041,train
A1042,train
A1043,train
A1044,train
A1045,train
A1046,train
A1047,train
A1048,train
A1049,train
A1050,train
A1051,train
A1052,train
A1053,train
A1054,train
A1055,train
A1056,train
A1057,train
A1058,train
A1059,train
A1060,train
A1061,train
A1062,train
A1063,train
A1064,train
A1065,train
A1066,train
A1067,train
A1068,train
A1069,train
A1070,train
A1071,train
A1072,train
A1073,train
A1074,train
A1075,train
A1076,train
A1077,train
A1078,train
A1079,train
A1080,train
A1081,train
A1082,train
A1083,train
A1084,train
A1085,train
A1086,train
A1087,train
A1088,train
A1089,train
A1090,train
A1091,train
A1092,train
A1093,train
A1094,train
A1095,train
A1096,train
A1097,train
A1098,train
A1099,train
A1100,train
A1101,train
A1102,train
A1103,train
A1104,train
A1105,train
A1106,train
A1107,train
A1108,train
A1109,train
A1110,train
A1111,train
A1112,train
A1113,train
A1114,train
A1115,train
A1116,train
A1117,train
A1118,train
A1119,train
A1120,train
A1121,train
A1122,train
A1123,train
A1124,train
A1125,train
A1126,train
A1127,train
A1128,train
A1129,train
A1130,train
A1131,train
A1132,train
A1133,train
A1134,train
A1135,train
A1136,train
A1137,train
A1138,train
A1139,train
A1140,train
A1141,train
A1142,train
A1143,train
A1144,train
A1145,train
A1146,train
A1147,train
A1148,train
A1149,train
A1150,train
A1151,train
A1152,train
A1153,train
A1154,train
A1155,train
A1156,train
A1157,train
A1158,train
A1159,train
A1160,train
A1161,train
A1162,train
A1163,train
A1164,train
A1165,train
A1166,train
A1167,train
A1168,train
A1169,train
A1170,train
A1171,train
A1172,train
A1173,train
A1174,train
A1175,train
A1176,train
A1177,train
A1178,train
A1179,train
A1180,train
A1181,train
A1182,train
A1183,train
A1184,train
A1185,train
A1186,train
A1187,train
A1188,train
A1189,train
A1190,train
A1191,train
A1192,train
A1193,train
A1194,train
A1195,train
A1196,train
A1197,train
A1198,train
A1199,train
A1200,train
A1201,train
A1202,train
A1203,train
A1204,train
A1205,train
A1206,train
A1207,train
A1208,train
A1209,train
A1210,train
A1211,train
A1212,train
A1213,train
A1214,train
A1215,train
A1216,train
A1217,train
A1218,train
A1219,train
A1220,train
A1221,train
A1222,train
A1223,train
A1224,train
A1225,train
A1226,train
A1227,train
A1228,train
A1229,train
A1230,train
A1231,train
A1232,train
A1233,train
A1234,train
A1235,train
A1236,train
A1237,train
A1238,train
A1239,train
A1240,train
A1241,train
A1242,train
A1243,train
A1244,train
A1245,train
A1246,train
A1247,train
A1248,train
A1249,train
A1250,train
A1251,train
A1252,train
A1253,train
A1254,train
A1255,train
A1256,train
A1257,train
A1258,train
A1259,train
A1260,train
A1261,train
A1262,train
A1263,train
A1264,train
A1265,train
A1266,train
A1267,train
A1268,train
A1269,train
A1270,train
A1271,train
A1272,train
A1273,train
A1274,train
A1275,train
A1276,train
A1277,train
A1278,train
A1279,train
A1280,train
A1281,train
A1282,train
A1283,train
A1284,train
A1285,train
A1286,train
A1287,train
A1288,train
A1289,train
A1290,train
A1291,train
A1292,train
A1293,train
A1294,train
A1295,train
A1296,train
A1297,train
A1298,train
A1299,train
A1300,train
A1301,train
A1302,train
A1303,train
A1304,train
A1305,train
A1306,train
A1307,train
A1308,train
A1309,train
A1310,train
A1311,train
A1312,train
A1313,train
A1314,train
A1315,train
A1316,train
A1317,train
A1318,train
A1319,train
A1320,train
A1321,train
A1322,train
A1323,train
A1324,train
A1325,train
A1326,train
A1327,train
A1328,train
A1329,train
A1330,train
A1331,train
A1332,train
A1333,train
A1334,train
A1335,train
A1336,train
A1337,train
A1338,train
A1339,train
A1340,train
A1341,train
A1342,train
A1343,train
A1344,train
A1345,train
A1346,train
A1347,train
A1348,train
A1349,train
A1350,train
A1351,train
A1352,train
A1353,train
A1354,train
A1355,train
A1356,train
A1357,train
A1358,train
A1359,train
A1360,train
A1361,train
A1362,train
A1363,train
A1364,train
A1365,train
A1366,train
A1367,train
A1368,train
A1369,train
A1370,train
A1371,train
A1372,train
A1373,train
A1374,train
A1375,train
A1376,train
A1377,train
A1378,train
A1379,train
A1380,train
A1381,train
A1382,train
A1383,train
A1384,train
A1385,train
A1386,train
A1387,train
A1388,train
A1389,train
A1390,train
A1391,train
A1392,train
A1393,train
A1394,train
A1395,train
A1396,train
A1397,train
A1398,train
A1399,train
A1400,train
A1401,train
A1402,train
A1403,train
A1404,train
A1405,train
A1406,train
A1407,train
A1408,train
A1409,train
A1410,train
A1411,train
A1412,train
A1413,train
A1414,train
A1415,train
A1416,train
A1417,train
A1418,train
A1419,train
A1420,train
A1421,train
A1422,train
A1423,train
A1424,train
A1425,train
A1426,train
A1427,train
A1428,train
A1429,train
A1430,train
A1431,train
A1432,train
A1433,train
A1434,train
A1435,train
A1436,train
A1437,train
A1438,train
A1439,train
A1440,train
A1441,train
A1442,train
A1443,train
A1444,train
A1445,train
A1446,train
A1447,train
A1448,train
A1449,train
A1450,train
A1451,train
A1452,train
A1453,train
A1454,train
A1455,train
A1456,train
A1457,train
A1458,train
A1459,train
A1460,train
A1461,train
A1462,train
A1463,train
A1464,train
A1465,train
A1466,train
A1467,train
A1468,train
A1469,train
A1470,train
A1471,train
A1472,train
A1473,train
A1474,train
A1475,train
A1476,train
A1477,train
A1478,train
A1479,train
A1480,train
A1481,train
A1482,train
A1483,train
A1484,train
A1485,train
A1486,train
A1487,train
A1488,train
A1489,train
A1490,train
A1491,train
A1492,train
A1493,train
A1494,train
A1495,train
A1496,train
A1497,train
A1498,train
A1499,train
A1500,train
A1501,train
A1502,train
A1503,train
A1504,train
A1505,train
A1506,train
A1507,train
A1508,train
A1509,train
A1510,train
A1511,train
A1512,train
A1513,train
A1514,train
A1515,train
A1516,train
A1517,train
A1518,train
A1519,train
A1520,train
A1521,train
A1522,train
A1523,train
A1524,train
A1525,train
A1526,train
A1527,train
A1528,train
A1529,train
A1530,train
A1531,train
A1532,train
A1533,train
A1534,train
A1535,train
A1536,train
A1537,train
A1538,train
A1539,train
A1540,train
A1541,train
A1542,train
A1543,train
A1544,train
A1545,train
A1546,train
A1547,train
A1548,train
A1549,train
A1550,train
A1551,train
A1552,train
A1553,train
A1554,train
A1555,train
A1556,train
A1557,train
A1558,train
A1559,train
A1560,train
A1561,train
A1562,train
A1563,train
A1564,train
A1565,train
A1566,train
A1567,train
A1568,train
A1569,train
A1570,train
A1571,train
A1572,train
A1573,train
A1574,train
A1575,train
A1576,train
A1577,train
A1578,train
A1579,train
A1580,train
A1581,train
A1582,train
A1583,train
A1584,train
A1585,train
A1586,train
A1587,train
A1588,train
A1589,train
A1590,train
A1591,train
A1592,train
A1593,train
A1594,train
A1595,train
A1596,train
A1597,train
A1598,train
A1599,train
A1600,train
A1601,train
A1602,train
A1603,train
A1604,train
A1605,train
A1606,train
A1607,train
A1608,train
A1609,train
A1610,train
A1611,train
A1612,train
A1613,train
A1614,train
A1615,train
A1616,train
A1617,train
A1618,train
A1619,train
A1620,train
A1621,train
A1622,train
A1623,train
A1624,train
A1625,train
A1626,train
A1627,train
A1628,train
A1629,train
A1630,train
A1631,train
A1632,train
A1633,train
A1634,train
A1635,train
A1636,train
A1637,train
A1638,train
A1639,train
A1640,train
A1641,train
A1642,train
A1643,train
A1644,train
A1645,train
A1646,train
A1647,train
A1648,train
A1649,train
A1650,train
A1651,train
A1652,train
A1653,train
A1654,train
A1655,train
A1656,train
A1657,train
A1658,train
A1659,train
A1660,train
A1661,train
A1662,train
A1663,train
A1664,train
A1665,train
A1666,train
A1667,train
A1668,train
A1669,train
A1670,train
A1671,train
A1672,train
A1673,train
A1674,train
A1675,train
A1676,train
A1677,train
A1678,train
A1679,train
A1680,train
A1681,train
A1682,train
A1683,train
A1684,train
A1685,train
A1686,train
A1687,train
A1688,train
A1689,train
A1690,train
A1691,train
A1692,train
A1693,train
A1694,train
A1695,train
A1696,train
A1697,train
A1698,train
A1699,train
A1700,train
A1701,train
A1702,train
A1703,train
A1704,train
A1705,train
A1706,train
A1707,train
A1708,train
A1709,train
A1710,train
A1711,train
A1712,train
A1713,train
A1714,train
A1715,train
A1716,train
A1717,train
A1718,train
A1719,train
A1720,train
A1721,train
A1722,train
A1723,train
A1724,train
A1725,train
A1726,train
A1727,train
A1728,train
A1729,train
A1730,train
A1731,train
A1732,train
A1733,train
A1734,train
A1735,train
A1736,train
A1737,train
A1738,train
A1739,train
A1740,train
A1741,train
A1742,train
A1743,train
A1744,train
A1745,train
A1746,train
A1747,train
A1748,train
A1749,train
A1750,train
A1751,train
A1752,train
A1753,train
A1754,train
A1755,train
A1756,train
A1757,train
A1758,train
A1759,train
A1760,train
A1761,train
A1762,train
A1763,train
A1764,train
A1765,train
A1766,train
A1767,train
A1768,train
A1769,train
A1770,train
A1771,train
A1772,train
A1773,train
A1774,train
A1775,train
A1776,train
A1777,train
A1778,train
A1779,train
A1780,train
A1781,train
A1782,train
A1783,train
A1784,train
A1785,train
A1786,train
A1787,train
A1788,train
A1789,train
A1790,train
A1791,train
A1792,train
A1793,train
A1794,train
A1795,train
A1796,train
A1797,train
A1798,train
A1799,train
A1800,train
A1801,train
A1802,train
A1803,train
A1804,train
A1805,train
A1806,train
A1807,train
A1808,train
A1809,train
A1810,train
A1811,train
A1812,train
A1813,train
A1814,train
A1815,train
A1816,train
A1817,train
A1818,train
A1819,train
A1820,train
A1821,train
A1822,train
A1823,train
A1824,train
A1825,train
A1826,train
A1827,train
A1828,train
A1829,train
A1830,train
A1831,train
A1832,train
A1833,train
A1834,train
A1835,train
A1836,train
A1837,train
A1838,train
A1839,train
A1840,train
A1841,train
A1842,train
A1843,train
A1844,train
A1845,train
A1846,train
A1847,train
A1848,train
A1849,train
A1850,train
A1851,train
A1852,train
A1853,train
A1854,train
A1855,train
A1856,train
A1857,train
A1858,train
A1859,train
A1860,train
A1861,train
A1862,train
A1863,train
A1864,train
A1865,train
A1866,train
A1867,train
A1868,train
A1869,train
A1870,train
A1871,train
A1872,train
A1873,train
A1874,train
A1875,train
A1876,train
A1877,train
A1878,train
A1879,train
A1880,train
A1881,train
A1882,train
A1883,train
A1884,train
A1885,train
A1886,train
A1887,train
A1888,train
A1889,train
A1890,train
A1891,train
A1892,train
A1893,train
A1894,train
A1895,train
A1896,train
A1897,train
A1898,train
A1899,train
A1900,train
A1901,train
A1902,train
A1903,train
A1904,train
A1905,train
A1906,train
A1907,train
A1908,train
A1909,train
A1910,train
A1911,train
A1912,train
A1913,train
A1914,train
A1915,train
A1916,train
A1917,train
A1918,train
A1919,train
A1920,train
A1921,train
A1922,train
A1923,train
A1924,train
A1925,train
A1926,train
A1927,train
A1928,train
A1929,train
A1930,train
A1931,train
A1932,train
A1933,train
A1934,train
A1935,train
A1936,train
A1937,train
A1938,train
A1939,train
A1940,train
A1941,train
A1942,train
A1943,train
A1944,train
A1945,train
A1946,train
A1947,train
A1948,train
A1949,train
A1950,train
A1951,train
A1952,train
A1953,train
A1954,train
A1955,train
A1956,train
A1957,train
A1958,train
A1959,train
A1960,train
A1961,train
A1962,train
A1963,train
A1964,train
A1965,train
A1966,train
A1967,train
A1968,train
A1969,train
A1970,train
A1971,train
A1972,train
A1973,train
A1974,train
A1975,train
A1976,train
A1977,train
A1978,train
A1979,train
A1980,train
A1981,train
A1982,train
A1983,train
A1984,train
A1985,train
A1986,train
A1987,train
A1988,train
A1989,train
A1990,train
A1991,train
A1992,train
A1993,train
A1994,train
A1995,train
A1996,train
A1997,train
A1998,train
A1999,train
A2000,train
A2001,train
A2002,train
A2003,train
A2004,train
A2005,train
A2006,train
A2007,train
A2008,train
A2009,train
A2010,train
A2011,train
A2012,train
A2013,train
A2014,train
A2015,train
A2016,train
A2017,train
A2018,train
A2019,train
A2020,train
A2021,train
A2022,train
A2023,train
A2024,train
A2025,train
A2026,train
A2027,train
A2028,train
A2029,train
A2030,train
A2031,train
A2032,train
A2033,train
A2034,train
A2035,train
A2036,train
A2037,train
A2038,train
A2039,train
A2040,train
A2041,train
A2042,train
A2043,train
A2044,train
A2045,train
A2046,train
A2047,train
A2048,train
A2049,train
A2050,train
A2051,train
A2052,train
A2053,train
A2054,train
A2055,train
A2056,train
A2057,train
A2058,train
A2059,train
A2060,train
A2061,train
A2062,train
A2063,train
A2064,train
A2065,train
A2066,train
A2067,train
A2068,train
A2069,train
A2070,train
A2071,train
A2072,train
A2073,train
A2074,train
A2075,train
A2076,train
A2077,train
A2078,train
A2079,train
A2080,train
A2081,train
A2082,train
A2083,train
A2084,train
A2085,train
A2086,train
A2087,train
A2088,train
A2089,train
A2090,train
A2091,train
A2092,train
A2093,train
A2094,train
A2095,train
A2096,train
A2097,train
A2098,train
A2099,train
A2100,train
A2101,train
A2102,train
A2103,train
A2104,train
A2105,train
A2106,train
A2107,train
A2108,train
A2109,train
A2110,train
A2111,train
A2112,train
A2113,train
A2114,train
A2115,train
A2116,train
A2117,train
A2118,train
A2119,train
A2120,train
A2121,train
A2122,train
A2123,train
A2124,train
A2125,train
A2126,train
A2127,train
A2128,train
A2129,train
A2130,train
A2131,train
A2132,train
A2133,train
A2134,train
A2135,train
A2136,train
A2137,train
A2138,train
A2139,train
A2140,train
A2141,train
A2142,train
A2143,train
A2144,train
A2145,train
A2146,train
A2147,train
A2148,train
A2149,train
A2150,train
A2151,train
A2152,train
A2153,train
A2154,train
A2155,train
A2156,train
A2157,train
A2158,train
A2159,train
A2160,train
A2161,train
A2162,train
A2163,train
A2164,train
A2165,train
A2166,train
A2167,train
A2168,train
A2169,train
A2170,train
A2171,train
A2172,train
A2173,train
A2174,train
A2175,train
A2176,train
A2177,train
A2178,train
A2179,train
A2180,train
A2181,train
A2182,train
A2183,train
A2184,train
A2185,train
A2186,train
A2187,train
A2188,train
A2189,train
A2190,train
A2191,train
A2192,train
A2193,train
A2194,train
A2195,train
A2196,train
A2197,train
A2198,train
A2199,train
A2200,train
A2201,train
A2202,train
A2203,train
A2204,train
A2205,train
A2206,train
A2207,train
A2208,train
A2209,train
A2210,train
A2211,train
A2212,train
A2213,train
A2214,train
A2215,train
A2216,train
A2217,train
A2218,train
A2219,train
A2220,train
A2221,train
A2222,train
A2223,train
A2224,train
A2225,train
A2226,train
A2227,train
A2228,train
A2229,train
A2230,train
A2231,train
A2232,train
A2233,train
A2234,train
A2235,train
A2236,train
A2237,train
A2238,train
A2239,train
A2240,train
A2241,train
A2242,train
A2243,train
A2244,train
A2245,train
A2246,train
A2247,train
A2248,train
A2249,train
A2250,train
A2251,train
A2252,train
A2253,train
A2254,train
A2255,train
A2256,train
A2257,train
A2258,train
A2259,train
A2260,train
A2261,train
A2262,train
A2263,train
A2264,train
A2265,train
A2266,train
A2267,train
A2268,train
A2269,train
A2270,train
A2271,train
A2272,train
A2273,train
A2274,train
A2275,train
A2276,train
A2277,train
A2278,train
A2279,train
A2280,train
A2281,train
A2282,train
A2283,train
A2284,train
A2285,train
A2286,train
A2287,train
A2288,train
A2289,train
A2290,train
A2291,train
A2292,train
A2293,train
A2294,train
A2295,train
A2296,train
A2297,train
A2298,train
A2299,train
A2300,train
A2301,train
A2302,train
A2303,train
A2304,train
A2305,train
A2306,train
A2307,train
A2308,train
A2309,train
A2310,train
A2311,train
A2312,train
A2313,train
A2314,train
A2315,train
A2316,train
A2317,train
A2318,train
A2319,train
A2320,train
A2321,train
A2322,train
A2323,train
A2324,train
A2325,train
A2326,train
A2327,train
A2328,train
A2329,train
A2330,train
A2331,train
A2332,train
A2333,train
A2334,train
A2335,train
A2336,train
A2337,train
A2338,train
A2339,train
A2340,train
A2341,train
A2342,train
A2343,train
A2344,train
A2345,train
A2346,train
A2347,train
A2348,train
A2349,train
A2350,train
A2351,train
A2352,train
A2353,train
A2354,train
A2355,train
A2356,train
A2357,train
A2358,train
A2359,train
A2360,train
A2361,train
A2362,train
A2363,train
A2364,train
A2365,train
A2366,train
A2367,train
A2368,train
A2369,train
A2370,train
A2371,train
A2372,train
A2373,train
A2374,train
A2375,train
A2376,train
A2377,train
A2378,train
A2379,train
A2380,train
A2381,train
A2382,train
A2383,train
A2384,train
A2385,train
A2386,train
A2387,train
A2388,train
A2389,train
A2390,train
A2391,train
A2392,train
A2393,train
A2394,train
A2395,train
A2396,train
A2397,train
A2398,train
A2399,train
A2400,train
A2401,train
A2402,train
A2403,train
A2404,train
A2405,train
A2406,train
A2407,train
A2408,train
A2409,train
A2410,train
A2411,train
A2412,train
A2413,train
A2414,train
A2415,train
A2416,train
A2417,train
A2418,train
A2419,train
A2420,train
A2421,train
A2422,train
A2423,train
A2424,train
A2425,train
A2426,train
A2427,train
A2428,train
A2429,train
A2430,train
A2431,train
A2432,train
A2433,train
A2434,train
A2435,train
A2436,train
A2437,train
A2438,train
A2439,train
A2440,train
A2441,train
A2442,train
A2443,train
A2444,train
A2445,train
A2446,train
A2447,train
A2448,train
A2449,train
A2450,train
A2451,train
A2452,train
A2453,train
A2454,train
A2455,train
A2456,train
A2457,train
A2458,train
A2459,train
A2460,train
A2461,train
A2462,train
A2463,train
A2464,train
A2465,train
A2466,train
A2467,train
A2468,train
A2469,train
A2470,train
A2471,train
A2472,train
A2473,train
A2474,train
A2475,train
A2476,train
A2477,train
A2478,train
A2479,train
A2480,train
A2481,train
A2482,train
A2483,train
A2484,train
A2485,train
A2486,train
A2487,train
A2488,train
A2489,train
A2490,train
A2491,train
A2492,train
A2493,train
A2494,train
A2495,train
A2496,train
A2497,train
A2498,train
A2499,train
A2500,train
A2501,train
A2502,train
A2503,train
A2504,train
A2505,train
A2506,train
A2507,train
A2508,train
A2509,train
A2510,train
A2511,train
A2512,train
A2513,train
A2514,train
A2515,train
A2516,train
A2517,train
A2518,train
A2519,train
A2520,train
A2521,train
A2522,train
A2523,train
A2524,train
A2525,train
A2526,train
A2527,train
A2528,train
A2529,train
A2530,train
A2531,train
A2532,train
A2533,train
A2534,train
A2535,train
A2536,train
A2537,train
A2538,train
A2539,train
A2540,train
A2541,train
A2542,train
A2543,train
A2544,train
A2545,train
A2546,train
A2547,train
A2548,train
A2549,train
A2550,train
A2551,train
A2552,train
A2553,train
A2554,train
A2555,train
A2556,train
A2557,train
A2558,train
A2559,train
A2560,train
A2561,train
A2562,train
A2563,train
A2564,train
A2565,train
A2566,train
A2567,train
A2568,train
A2569,train
A2570,train
A2571,train
A2572,train
A2573,train
A2574,train
A2575,train
A2576,train
A2577,train
A2578,train
A2579,train
A2580,train
A2581,train
A2582,train
A2583,train
A2584,train
A2585,train
A2586,train
A2587,train
A2588,train
A2589,train
A2590,train
A2591,train
A2592,train
A2593,train
A2594,train
A2595,train
A2596,train
A2597,train
A2598,train
A2599,train
A2600,train
A2601,train
A2602,train
A2603,train
A2604,train
A2605,train
A2606,train
A2607,train
A2608,train
A2609,train
A2610,train
A2611,train
A2612,train
A2613,train
A2614,train
A2615,train
A2616,train
A2617,train
A2618,train
A2619,train
A2620,train
A2621,train
A2622,train
A2623,train
A2624,train
A2625,train
A2626,train
A2627,train
A2628,train
A2629,train
A2630,train
A2631,train
A2632,train
A2633,train
A2634,train
A2635,train
A2636,train
A2637,train
A2638,train
A2639,train
A2640,train
A2641,train
A2642,train
A2643,train
A2644,train
A2645,train
A2646,train
A2647,train
A2648,train
A2649,train
A2650,train
A2651,train
A2652,train
A2653,train
A2654,train
A2655,train
A2656,train
A2657,train
A2658,train
A2659,train
A2660,train
A2661,train
A2662,train
A2663,train
A2664,train
A2665,train
A2666,train
A2667,train
A2668,train
A2669,train
A2670,train
A2671,train
A2672,train
A2673,train
A2674,train
A2675,train
A2676,train
A2677,train
A2678,train
A2679,train
A2680,train
A2681,train
A2682,train
A2683,train
A2684,train
A2685,train
A2686,train
A2687,train
A2688,train
A2689,train
A2690,train
A2691,train
A2692,train
A2693,train
A2694,train
A2695,train
A2696,train
A2697,train
A2698,train
A2699,train
A2700,train
A2701,train
A2702,train
A2703,train
A2704,train
A2705,train
A2706,train
A2707,train
A2708,train
A2709,train
A2710,train
A2711,train
A2712,train
A2713,train
A2714,train
A2715,train
A2716,train
A2717,train
A2718,train
A2719,train
A2720,train
A2721,train
A2722,train
A2723,train
A2724,train
A2725,train
A2726,train
A2727,train
A2728,train
A2729,train
A2730,train
A2731,train
A2732,train
A2733,train
A2734,train
A2735,train
A2736,train
A2737,train
A2738,train
A2739,train
A2740,train
A2741,train
A2742,train
A2743,train
A2744,train
A2745,train
A2746,train
A2747,train
A2748,train
A2749,train
A2750,train
A2751,train
A2752,train
A2753,train
A2754,train
A2755,train
A2756,train
A2757,train
A2758,train
A2759,train
A2760,train
A2761,train
A2762,train
A2763,train
A2764,train
A2765,train
A2766,train
A2767,train
A2768,train
A2769,train
A2770,train
A2771,train
A2772,train
A2773,train
A2774,train
A2775,train
A2776,train
A2777,train
A2778,train
A2779,train
A2780,train
A2781,train
A2782,train
A2783,train
A2784,train
A2785,train
A2786,train
A2787,train
A2788,train
A2789,train
A2790,train
A2791,train
A2792,train
A2793,train
A2794,train
A2795,train
A2796,train
A2797,train
A2798,train
A2799,train
A2800,train
A2801,train
A2802,train
A2803,train
A2804,train
A2805,train
A2806,train
A2807,train
A2808,train
A2809,train
A2810,train
A2811,train
A2812,train
A2813,train
A2814,train
A2815,train
A2816,train
A2817,train
A2818,train
A2819,train
A2820,train
A2821,train
A2822,train
A2823,train
A2824,train
A2825,train
A2826,train
A2827,train
A2828,train
A2829,train
A2830,train
A2831,train
A2832,train
A2833,train
A2834,train
A2835,train
A2836,train
A2837,train
A2838,train
A2839,train
A2840,train
A2841,train
A2842,train
A2843,train
A2844,train
A2845,train
A2846,train
A2847,train
A2848,train
A2849,train
A2850,train
A2851,train
A2852,train
A2853,train
A2854,train
A2855,train
A2856,train
A2857,train
A2858,train
A2859,train
A2860,train
A2861,train
A2862,train
A2863,train
A2864,train
A2865,train
A2866,train
A2867,train
A2868,train
A2869,train
A2870,train
A2871,train
A2872,train
A2873,train
A2874,train
A2875,train
A2876,train
A2877,train
A2878,train
A2879,train
A2880,train
A2881,train
A2882,train
A2883,train
A2884,train
A2885,train
A2886,train
A2887,train
A2888,train
A2889,train
A2890,train
A2891,train
A2892,train
A2893,train
A2894,train
A2895,train
A2896,train
A2897,train
A2898,train
A2899,train
A2900,train
A2901,train
A2902,train
A2903,train
A2904,train
A2905,train
A2906,train
A2907,train
A2908,train
A2909,train
A2910,train
A2911,train
A2912,train
A2913,train
A2914,train
A2915,train
A2916,train
A2917,train
A2918,train
A2919,train
A2920,train
A2921,train
A2922,train
A2923,train
A2924,train
A2925,train
A2926,train
A2927,train
A2928,train
A2929,train
A2930,train
A2931,train
A2932,train
A2933,train
A2934,train
A2935,train
A2936,train
A2937,train
A2938,train
A2939,train
A2940,train
A2941,train
A2942,train
A2943,train
A2944,train
A2945,train
A2946,train
A2947,train
A2948,train
A2949,train
A2950,train
A2951,train
A2952,train
A2953,train
A2954,train
A2955,train
A2956,train
A2957,train
A2958,train
A2959,train
A2960,train
A2961,train
A2962,train
A2963,train
A2964,train
A2965,train
A2966,train
A2967,train
A2968,train
A2969,train
A2970,train
A2971,train
A2972,train
A2973,train
A2974,train
A2975,train
A2976,train
A2977,train
A2978,train
A2979,train
A2980,train
A2981,train
A2982,train
A2983,train
A2984,train
A2985,train
A2986,train
A2987,train
A2988,train
A2989,train
A2990,train
A2991,train
A2992,train
A2993,train
A2994,train
A2995,train
A2996,train
A2997,train
A2998,train
A2999,train
A3000,train
A3001,train
A3002,train
A3003,train
A3004,train
A3005,train
A3006,train
A3007,train
A3008,train
A3009,train
A3010,train
A3011,train
A3012,train
A3013,train
A3014,train
A3015,train
A3016,train
A3017,train
A3018,train
A3019,train
A3020,train
A3021,train
A3022,train
A3023,train
A3024,train
A3025,train
A3026,train
A3027,train
A3028,train
A3029,train
A3030,train
A3031,train
A3032,train
A3033,train
A3034,train
A3035,train
A3036,train
A3037,train
A3038,train
A3039,train
A3040,train
A3041,train
A3042,train
A3043,train
A3044,train
A3045,train
A3046,train
A3047,train
A3048,train
A3049,train
A3050,train
A3051,train
A3052,train
A3053,train
A3054,train
A3055,train
A3056,train
A3057,train
A3058,train
A3059,train
A3060,train
A3061,train
A3062,train
A3063,train
A3064,train
A3065,train
A3066,train
A3067,train
A3068,train
A3069,train
A3070,train
A3071,train
A3072,train
A3073,train
A3074,train
A3075,train
A3076,train
A3077,train
A3078,train
A3079,train
A3080,train
A3081,train
A3082,train
A3083,train
A3084,train
A3085,train
A3086,train
A3087,train
A3088,train
A3089,train
A3090,train
A3091,train
A3092,train
A3093,train
A3094,train
A3095,train
A3096,train
A3097,train
A3098,train
A3099,train
A3100,train
A3101,train
A3102,train
A3103,train
A3104,train
A3105,train
A3106,train
A3107,train
A3108,train
A3109,train
A3110,train
A3111,train
A3112,train
A3113,train
A3114,train
A3115,train
A3116,train
A3117,train
A3118,train
A3119,train
A3120,train
A3121,train
A3122,train
A3123,train
A3124,train
A3125,train
A3126,train
A3127,train
A3128,train
A3129,train
A3130,train
A3131,train
A3132,train
A3133,train
A3134,train
A3135,train
A3136,train
A3137,train
A3138,train
A3139,train
A3140,train
A3141,train
A3142,train
A3143,train
A3144,train
A3145,train
A3146,train
A3147,train
A3148,train
A3149,train
A3150,train
A3151,train
A3152,train
A3153,train
A3154,train
A3155,train
A3156,train
A3157,train
A3158,train
A3159,train
A3160,train
A3161,train
A3162,train
A3163,train
A3164,train
A3165,train
A3166,train
A3167,train
A3168,train
A3169,train
A3170,train
A3171,train
A3172,train
A3173,train
A3174,train
A3175,train
A3176,train
A3177,train
A3178,train
A3179,train
A3180,train
A3181,train
A3182,train
A3183,train
A3184,train
A3185,train
A3186,train
A3187,train
A3188,train
A3189,train
A3190,train
A3191,train
A3192,train
A3193,train
A3194,train
A3195,train
A3196,train
A3197,train
A3198,train
A3199,train
A3200,train
A3201,train
A3202,train
A3203,train
A3204,train
A3205,train
A3206,train
A3207,train
A3208,train
A3209,train
A3210,train
A3211,train
A3212,train
A3213,train
A3214,train
A3215,train
A3216,train
A3217,train
A3218,train
A3219,train
A3220,train
A3221,train
A3222,train
A3223,train
A3224,train
A3225,train
A3226,train
A3227,train
A3228,train
A3229,train
A3230,train
A3231,train
A3232,train
A3233,train
A3234,train
A3235,train
A3236,train
A3237,train
A3238,train
A3239,train
A3240,train
A3241,train
A3242,train
A3243,train
A3244,train
A3245,train
A3246,train
A3247,train
A3248,train
A3249,train
A3250,train
A3251,train
A3252,train
A3253,train
A3254,train
A3255,train
A3256,train
A3257,train
A3258,train
A3259,train
A3260,train
A3261,train
A3262,train
A3263,train
A3264,train
A3265,train
A3266,train
A3267,train
A3268,train
A3269,train
A3270,train
A3271,train
A3272,train
A3273,train
A3274,train
A3275,train
A3276,train
A3277,train
A3278,train
A3279,train
A3280,train
A3281,train
A3282,train
A3283,train
A3284,train
A3285,train
A3286,train
A3287,train
A3288,train
A3289,train
A3290,train
A3291,train
A3292,train
A3293,train
A3294,train
A3295,train
A3296,train
A3297,train
A3298,train
A3299,train
A3300,train
A3301,train
A3302,train
A3303,train
A3304,train
A3305,train
A3306,train
A3307,train
A3308,train
A3309,train
A3310,train
A3311,train
A3312,train
A3313,train
A3314,train
A3315,train
A3316,train
A3317,train
A3318,train
A3319,train
A3320,train
A3321,train
A3322,train
A3323,train
A3324,train
A3325,train
A3326,train
A3327,train
A3328,train
A3329,train
A3330,train
A3331,train
A3332,train
A3333,train
A3334,train
A3335,train
A3336,train
A3337,train
A3338,train
A3339,train
A3340,train
A3341,train
A3342,train
A3343,train
A3344,train
A3345,train
A3346,train
A3347,train
A3348,train
A3349,train
A3350,train
A3351,train
A3352,train
A3353,train
A3354,train
A3355,train
A3356,train
A3357,train
A3358,train
A3359,train
A3360,train
A3361,train
A3362,train
A3363,train
A3364,train
A3365,train
A3366,train
A3367,train
A3368,train
A3369,train
A3370,train
A3371,train
A3372,train
A3373,train
A3374,train
A3375,train
A3376,train
A3377,train
A3378,train
A3379,train
A3380,train
A3381,train
A3382,train
A3383,train
A3384,train
A3385,train
A3386,train
A3387,train
A3388,train
A3389,train
A3390,train
A3391,train
A3392,train
A3393,train
A3394,train
A3395,train
A3396,train
A3397,train
A3398,train
A3399,train
A3400,train
A3401,train
A3402,train
A3403,train
A3404,train
A3405,train
A3406,train
A3407,train
A3408,train
A3409,train
A3410,train
A3411,train
A3412,train
A3413,train
A3414,train
A3415,train
A3416,train
A3417,train
A3418,train
A3419,train
A3420,train
A3421,train
A3422,train
A3423,train
A3424,train
A3425,train
A3426,train
A3427,train
A3428,train
A3429,train
A3430,train
A3431,train
A3432,train
A3433,train
A3434,train
A3435,train
A3436,train
A3437,train
A3438,train
A3439,train
A3440,train
A3441,train
A3442,train
A3443,train
A3444,train
A3445,train
A3446,train
A3447,train
A3448,train
A3449,train
A3450,train
A3451,train
A3452,train
A3453,train
A3454,train
A3455,train
A3456,train
A3457,train
A3458,train
A3459,train
A3460,train
A3461,train
A3462,train
A3463,train
A3464,train
A3465,train
A3466,train
A3467,train
A3468,train
A3469,train
A3470,train
A3471,train
A3472,train
A3473,train
A3474,train
A3475,train
A3476,train
A3477,train
A3478,train
A3479,train
A3480,train
A3481,train
A3482,train
A3483,train
A3484,train
A3485,train
A3486,train
A3487,train
A3488,train
A3489,train
A3490,train
A3491,train
A3492,train
A3493,train
A3494,train
A3495,train
A3496,train
A3497,train
A3498,train
A3499,train
A3500,train
A3501,train
A3502,train
A3503,train
A3504,train
A3505,train
A3506,train
A3507,train
A3508,train
A3509,train
A3510,train
A3511,train
A3512,train
A3513,train
A3514,train
A3515,train
A3516,train
A3517,train
A3518,train
A3519,train
A3520,train
A3521,train
A3522,train
A3523,train
A3524,train
A3525,train
A3526,train
A3527,train
A3528,train
A3529,train
A3530,train
A3531,train
A3532,train
A3533,train
A3534,train
A3535,train
A3536,train
A3537,train
A3538,train
A3539,train
A3540,train
A3541,train
A3542,train
A3543,train
A3544,train
A3545,train
A3546,train
A3547,train
A3548,train
A3549,train
A3550,train
A3551,train
A3552,train
A3553,train
A3554,train
A3555,train
A3556,train
A3557,train
A3558,train
A3559,train
A3560,train
A3561,train
A3562,train
A3563,train
A3564,train
A3565,train
A3566,train
A3567,train
A3568,train
A3569,train
A3570,train
A3571,train
A3572,train
A3573,train
A3574,train
A3575,train
A3576,train
A3577,train
A3578,train
A3579,train
A3580,train
A3581,train
A3582,train
A3583,train
A3584,train
A3585,train
A3586,train
A3587,train
A3588,train
A3589,train
A3590,train
A3591,train
A3592,train
A3593,train
A3594,train
A3595,train
A3596,train
A3597,train
A3598,train
A3599,train
A3600,train
A3601,train
A3602,train
A3603,train
A3604,train
A3605,train
A3606,train
A3607,train
A3608,train
A3609,train
A3610,train
A3611,train
A3612,train
A3613,train
A3614,train
A3615,train
A3616,train
A3617,train
A3618,train
A3619,train
A3620,train
A3621,train
A3622,train
A3623,train
A3624,train
A3625,train
A3626,train
A3627,train
A3628,train
A3629,train
A3630,train
A3631,train
A3632,train
A3633,train
A3634,train
A3635,train
A3636,train
A3637,train
A3638,train
A3639,train
A3640,train
A3641,train
A3642,train
A3643,train
A3644,train
A3645,train
A3646,train
A3647,train
A3648,train
A3649,train
A3650,train
A3651,train
A3652,train
A3653,train
A3654,train
A3655,train
A3656,train
A3657,train
A3658,train
A3659,train
A3660,train
A3661,train
A3662,train
A3663,train
A3664,train
A3665,train
A3666,train
A3667,train
A3668,train
A3669,train
A3670,train
A3671,train
A3672,train
A3673,train
A3674,train
A3675,train
A3676,train
A3677,train
A3678,train
A3679,train
A3680,train
A3681,train
A3682,train
A3683,train
A3684,train
A3685,train
A3686,train
A3687,train
A3688,train
A3689,train
A3690,train
A3691,train
A3692,train
A3693,train
A3694,train
A3695,train
A3696,train
A3697,train
A3698,train
A3699,train
A3700,train
A3701,train
A3702,train
A3703,train
A3704,train
A3705,train
A3706,train
A3707,train
A3708,train
A3709,train
A3710,train
A3711,train
A3712,train
A3713,train
A3714,train
A3715,train
A3716,train
A3717,train
A3718,train
A3719,train
A3720,train
A3721,train
A3722,train
A3723,train
A3724,train
A3725,train
A3726,train
A3727,train
A3728,train
A3729,train
A3730,train
A3731,train
A3732,train
A3733,train
A3734,train
A3735,train
A3736,train
A3737,train
A3738,train
A3739,train
A3740,train
A3741,train
A3742,train
A3743,train
A3744,train
A3745,train
A3746,train
A3747,train
A3748,train
A3749,train
A3750,train
A3751,train
A3752,train
A3753,train
A3754,train
A3755,train
A3756,train
A3757,train
A3758,train
A3759,train
A3760,train
A3761,train
A3762,train
A3763,train
A3764,train
A3765,train
A3766,train
A3767,train
A3768,train
A3769,train
A3770,train
A3771,train
A3772,train
A3773,train
A3774,train
A3775,train
A3776,train
A3777,train
A3778,train
A3779,train
A3780,train
A3781,train
A3782,train
A3783,train
A3784,train
A3785,train
A3786,train
A3787,train
A3788,train
A3789,train
A3790,train
A3791,train
A3792,train
A3793,train
A3794,train
A3795,train
A3796,train
A3797,train
A3798,train
A3799,train
A3800,train
A3801,train
A3802,train
A3803,train
A3804,train
A3805,train
A3806,train
A3807,train
A3808,train
A3809,train
A3810,train
A3811,train
A3812,train
A3813,train
A3814,train
A3815,train
A3816,train
A3817,train
A3818,train
A3819,train
A3820,train
A3821,train
A3822,train
A3823,train
A3824,train
A3825,train
A3826,train
A3827,train
A3828,train
A3829,train
A3830,train
A3831,train
A3832,train
A3833,train
A3834,train
A3835,train
A3836,train
A3837,train
A3838,train
A3839,train
A3840,train
A3841,train
A3842,train
A3843,train
A3844,train
A3845,train
A3846,train
A3847,train
A3848,train
A3849,train
A3850,train
A3851,train
A3852,train
A3853,train
A3854,train
A3855,train
A3856,train
A3857,train
A3858,train
A3859,train
A3860,train
A3861,train
A3862,train
A3863,train
A3864,train
A3865,train
A3866,train
A3867,train
A3868,train
A3869,train
A3870,train
A3871,train
A3872,train
A3873,train
A3874,train
A3875,train
A3876,train
A3877,train
A3878,train
A3879,train
A3880,train
A3881,train
A3882,train
A3883,train
A3884,train
A3885,train
A3886,train
A3887,train
A3888,train
A3889,train
A3890,train
A3891,train
A3892,train
A3893,train
A3894,train
A3895,train
A3896,train
A3897,train
A3898,train
A3899,train
A3900,train
A3901,train
A3902,train
A3903,train
A3904,train
A3905,train
A3906,train
A3907,train
A3908,train
A3909,train
A3910,train
A3911,train
A3912,train
A3913,train
A3914,train
A3915,train
A3916,train
A3917,train
A3918,train
A3919,train
A3920,train
A3921,train
A3922,train
A3923,train
A3924,train
A3925,train
A3926,train
A3927,train
A3928,train
A3929,train
A3930,train
A3931,train
A3932,train
A3933,train
A3934,train
A3935,train
A3936,train
A3937,train
A3938,train
A3939,train
A3940,train
A3941,train
A3942,train
A3943,train
A3944,train
A3945,train
A3946,train
A3947,train
A3948,train
A3949,train
A3950,train
A3951,train
A3952,train
A3953,train
A3954,train
A3955,train
A3956,train
A3957,train
A3958,train
A3959,train
A3960,train
A3961,train
A3962,train
A3963,train
A3964,train
A3965,train
A3966,train
A3967,train
A3968,train
A3969,train
A3970,train
A3971,train
A3972,train
A3973,train
A3974,train
A3975,train
A3976,train
A3977,train
A3978,train
A3979,train
A3980,train
A3981,train
A3982,train
A3983,train
A3984,train
A3985,train
A3986,train
A3987,train
A3988,train
A3989,train
A3990,train
A3991,train
A3992,train
A3993,train
A3994,train
A3995,train
A3996,train
A3997,train
A3998,train
A3999,train
A4000,train
A4001,train
A4002,train
A4003,train
A4004,train
A4005,train
A4006,train
A4007,train
A4008,train
A4009,train
A4010,train
A4011,train
A4012,train
A4013,train
A4014,train
A4015,train
A4016,train
A4017,train
A4018,train
A4019,train
A4020,train
A4021,train
A4022,train
A4023,train
A4024,train
A4025,train
A4026,train
A4027,train
A4028,train
A4029,train
A4030,train
A4031,train
A4032,train
A4033,train
A4034,train
A4035,train
A4036,train
A4037,train
A4038,train
A4039,train
A4040,train
A4041,train
A4042,train
A4043,train
A4044,train
A4045,train
A4046,train
A4047,train
A4048,train
A4049,train
A4050,train
A4051,train
A4052,train
A4053,train
A4054,train
A4055,train
A4056,train
A4057,train
A4058,train
A4059,train
A4060,train
A4061,train
A4062,train
A4063,train
A4064,train
A4065,train
A4066,train
A4067,train
A4068,train
A4069,train
A4070,train
A4071,train
A4072,train
A4073,train
A4074,train
A4075,train
A4076,train
A4077,train
A4078,train
A4079,train
A4080,train
A4081,train
A4082,train
A4083,train
A4084,train
A4085,train
A4086,train
A4087,train
A4088,train
A4089,train
A4090,train
A4091,train
A4092,train
A4093,train
A4094,train
A4095,train
A4096,train
A4097,train
A4098,train
A4099,train
A4100,train
A4101,train
A4102,train
A4103,train
A4104,train
A4105,train
A4106,train
A4107,train
A4108,train
A4109,train
A4110,train
A4111,train
A4112,train
A4113,train
A4114,train
A4115,train
A4116,train
A4117,train
A4118,train
A4119,train
A4120,train
A4121,train
A4122,train
A4123,train
A4124,train
A4125,train
A4126,train
A4127,train
A4128,train
A4129,train
A4130,train
A4131,train
A4132,train
A4133,train
A4134,train
A4135,train
A4136,train
A4137,train
A4138,train
A4139,train
A4140,train
A4141,train
A4142,train
A4143,train
A4144,train
A4145,train
A4146,train
A4147,train
A4148,train
A4149,train
A4150,train
A4151,train
A4152,train
A4153,train
A4154,train
A4155,train
A4156,train
A4157,train
A4158,train
A4159,train
A4160,train
A4161,train
A4162,train
A4163,train
A4164,train
A4165,train
A4166,train
A4167,train
A4168,train
A4169,train
A4170,train
A4171,train
A4172,train
A4173,train
A4174,train
A4175,train
A4176,train
A4177,train
A4178,train
A4179,train
A4180,train
A4181,train
A4182,train
A4183,train
A4184,train
A4185,train
A4186,train
A4187,train
A4188,train
A4189,train
A4190,train
A4191,train
A4192,train
A4193,train
A4194,train
A4195,train
A4196,train
A4197,train
A4198,train
A4199,train
A4200,train
A4201,train
A4202,train
A4203,train
A4204,train
A4205,train
A4206,train
A4207,train
A4208,train
A4209,train
A4210,train
A4211,train
A4212,train
A4213,train
A4214,train
A4215,train
A4216,train
A4217,train
A4218,train
A4219,train
A4220,train
A4221,train
A4222,train
A4223,train
A4224,train
A4225,train
A4226,train
A4227,train
A4228,train
A4229,train
A4230,train
A4231,train
A4232,train
A4233,train
A4234,train
A4235,train
A4236,train
A4237,train
A4238,train
A4239,train
A4240,train
A4241,train
A4242,train
A4243,train
A4244,train
A4245,train
A4246,train
A4247,train
A4248,train
A4249,train
A4250,train
A4251,train
A4252,train
A4253,train
A4254,train
A4255,train
A4256,train
A4257,train
A4258,train
A4259,train
A4260,train
A4261,train
A4262,train
A4263,train
A4264,train
A4265,train
A4266,train
A4267,train
A4268,train
A4269,train
A4270,train
A4271,train
A4272,train
A4273,train
A4274,train
A4275,train
A4276,train
A4277,train
A4278,train
A4279,val_tune
A4280,train
A4281,train
A4282,train
A4283,train
A4284,train
A4285,train
A4286,train
A4287,train
A4288,train
A4289,train
A4290,train
A4291,train
A4292,train
A4293,train
A4294,train
A4295,train
A4296,train
A4297,train
A4298,train
A4299,train
A4300,train
A4301,val_tune
A4302,train
A4303,train
A4304,train
A4305,train
A4306,train
A4307,train
A4308,train
A4309,train
A4310,train
A4311,train
A4312,train
A4313,train
A4314,train
A4315,train
A4316,train
A4317,train
A4318,train
A4319,train
A4320,train
A4321,train
A4322,train
A4323,train
A4324,val_tune
A4325,train
A4326,train
A4327,train
A4328,train
A4329,train
A4330,train
A4331,train
A4332,train
A4333,train
A4334,train
A4335,val_tune
A4336,train
A4337,train
A4338,val_tune
A4339,train
A4340,train
A4341,train
A4342,train
A4343,train
A4344,train
A4345,val_tune
A4346,train
A4347,train
A4348,train
A4349,train
A4350,val_tune
A4351,train
A4352,train
A4353,train
A4354,train
A4355,train
A4356,train
A4357,train
A4358,train
A4359,train
A4360,train
A4361,val_tune
A4362,train
A4363,train
A4364,train
A4365,train
A4366,train
A4367,val_tune
A4368,train
A4369,train
A4370,train
A4371,train
A4372,val_tune
A4373,val_tune
A4374,train
A4375,train
A4376,train
A4377,train
A4378,train
A4379,train
A4380,train
A4381,train
A4382,train
A4383,train
A4384,train
A4385,val_tune
A4386,train
A4387,train
A4388,train
A4389,train
A4390,train
A4391,val_tune
A4392,train
A4393,train
A4394,train
A4395,train
A4396,train
A4397,val_tune
A4398,train
A4399,train
A4400,train
A4401,train
A4402,val_tune
A4403,train
A4404,train
A4405,train
A4406,train
A4407,train
A4408,train
A4409,val_tune
A4410,train
A4411,train
A4412,val_tune
A4413,train
A4414,train
A4415,train
A4416,train
A4417,train
A4418,train
A4419,train
A4420,val_tune
A4421,val_tune
A4422,train
A4423,train
A4424,train
A4425,train
A4426,train
A4427,val_tune
A4428,train
A4429,train
A4430,train
A4431,val_tune
A4432,val_tune
A4433,train
A4434,train
A4435,val_tune
A4436,train
A4437,train
A4438,train
A4439,train
A4440,train
A4441,train
A4442,val_tune
A4443,train
A4444,train
A4445,train
A4446,val_tune
A4447,train
A4448,train
A4449,val_tune
A4450,train
A4451,train
A4452,train
A4453,train
A4454,train
A4455,train
A4456,train
A4457,train
A4458,train
A4459,train
A4460,train
A4461,val_tune
A4462,train
A4463,train
A4464,val_tune
A4465,val_tune
A4466,train
A4467,train
A4468,train
A4469,train
A4470,val_tune
A4471,train
A4472,train
A4473,val_tune
A4474,train
A4475,train
A4476,train
A4477,train
A4478,val_tune
A4479,train
A4480,train
A4481,train
A4482,val_tune
A4483,train
A4484,train
A4485,train
A4486,train
A4487,train
A4488,train
A4489,train
A4490,val_tune
A4491,train
A4492,train
A4493,val_tune
A4494,val_tune
A4495,train
A4496,train
A4497,val_tune
A4498,train
A4499,train
A4500,val_tune
A4501,train
A4502,val_tune
A4503,train
A4504,train
A4505,train
A4506,train
A4507,train
A4508,train
A4509,val_tune
A4510,val_tune
A4511,train
A4512,train
A4513,train
A4514,train
A4515,train
A4516,train
A4517,train
A4518,train
A4519,train
A4520,train
A4521,val_tune
A4522,val_tune
A4523,train
A4524,train
A4525,train
A4526,train
A4527,train
A4528,val_tune
A4529,train
A4530,train
A4531,val_tune
A4532,train
A4533,train
A4534,val_tune
A4535,train
A4536,train
A4537,train
A4538,val_tune
A4539,train
A4540,train
A4541,train
A4542,val_tune
A4543,train
A4544,val_tune
A4545,train
A4546,val_tune
A4547,train
A4548,train
A4549,val_tune
A4550,train
A4551,train
A4552,train
A4553,train
A4554,val_tune
A4555,train
A4556,train
A4557,train
A4558,val_tune
A4559,train
A4560,val_tune
A4561,train
A4562,val_tune
A4563,train
A4564,val_tune
A4565,train
A4566,val_tune
A4567,train
A4568,train
A4569,train
A4570,train
A4571,train
A4572,train
A4573,train
A4574,val_tune
A4575,val_tune
A4576,train
A4577,train
A4578,train
A4579,train
A4580,train
A4581,val_tune
A4582,train
A4583,val_tune
A4584,val_tune
A4585,train
A4586,train
A4587,val_tune
A4588,train
A4589,val_tune
A4590,val_tune
A4591,train
A4592,train
A4593,train
A4594,val_tune
A4595,train
A4596,train
A4597,train
A4598,train
A4599,train
A4600,train
A4601,val_tune
A4602,train
A4603,val_tune
A4604,train
A4605,val_tune
A4606,train
A4607,train
A4608,train
A4609,val_tune
A4610,val_tune
A4611,train
A4612,train
A4613,val_tune
A4614,train
A4615,train
A4616,train
A4617,val_tune
A4618,train
A4619,val_tune
A4620,train
A4621,train
A4622,val_tune
A4623,train
A4624,train
A4625,train
A4626,val_tune
A4627,train
A4628,train
A4629,train
A4630,train
A4631,train
A4632,val_tune
A4633,train
A4634,val_tune
A4635,train
A4636,val_tune
A4637,val_tune
A4638,val_tune
A4639,train
A4640,val_tune
A4641,val_tune
A4642,train
A4643,train
A4644,train
A4645,val_tune
A4646,train
A4647,train
A4648,train
A4649,train
A4650,val_tune
A4651,train
A4652,train
A4653,train
A4654,val_tune
A4655,train
A4656,train
A4657,val_tune
A4658,train
A4659,train
A4660,train
A4661,train
A4662,train
A4663,val_tune
A4664,val_tune
A4665,train
A4666,train
A4667,val_tune
A4668,train
A4669,train
A4670,val_tune
A4671,val_tune
A4672,train
A4673,train
A4674,train
A4675,train
A4676,val_tune
A4677,train
A4678,train
A4679,train
A4680,val_tune
A4681,val_tune
A4682,train
A4683,val_tune
A4684,train
A4685,val_tune
A4686,train
A4687,train
A4688,train
A4689,train
A4690,val_tune
A4691,val_tune
A4692,train
A4693,val_tune
A4694,train
A4695,train
A4696,train
A4697,val_tune
A4698,train
A4699,val_tune
A4700,train
A4701,val_tune
A4702,train
A4703,val_tune
A4704,train
A4705,val_tune
A4706,val_tune
A4707,train
A4708,val_tune
A4709,train
A4710,train
A4711,train
A4712,val_tune
A4713,train
A4714,train
A4715,train
A4716,train
A4717,train
A4718,val_tune
A4719,train
A4720,train
A4721,val_tune
A4722,train
A4723,train
A4724,train
A4725,val_tune
A4726,train
A4727,train
A4728,val_tune
A4729,val_tune
A4730,val_tune
A4731,train
A4732,train
A4733,train
A4734,train
A4735,val_tune
A4736,val_tune
A4737,val_tune
A4738,train
A4739,val_tune
A4740,train
A4741,train
A4742,train
A4743,train
A4744,val_tune
A4745,train
A4746,val_tune
A4747,train
A4748,val_tune
A4749,val_tune
A4750,train
A4751,train
A4752,val_tune
A4753,train
A4754,val_tune
A4755,val_tune
A4756,train
A4757,train
A4758,train
A4759,val_tune
A4760,train
A4761,train
A4762,val_tune
A4763,val_tune
A4764,val_tune
A4765,train
A4766,train
A4767,val_tune
A4768,val_tune
A4769,val_tune
A4770,train
A4771,val_tune
A4772,train
A4773,train
A4774,val_tune
A4775,train
A4776,val_tune
A4777,val_tune
A4778,val_tune
A4779,train
A4780,train
A4781,val_tune
A4782,val_select
A4783,train
A4784,train
A4785,train
A4786,train
A4787,val_tune
A4788,val_tune
A4789,train
A4790,val_tune
A4791,train
A4792,val_tune
A4793,train
A4794,val_tune
A4795,val_tune
A4796,train
A4797,val_tune
A4798,train
A4799,train
A4800,val_tune
A4801,train
A4802,train
A4803,val_tune
A4804,val_tune
A4805,val_tune
A4806,train
A4807,val_tune
A4808,val_tune
A4809,train
A4810,val_tune
A4811,train
A4812,test
A4813,train
A4814,train
A4815,train
A4816,val_tune
A4817,train
A4818,val_tune
A4819,train
A4820,val_tune
A4821,train
A4822,train
A4823,val_tune
A4824,val_tune
A4825,train
A4826,val_tune
A4827,val_tune
A4828,train
A4829,train
A4830,train
A4831,train
A4832,val_tune
A4833,train
A4834,train
A4835,val_tune
A4836,val_tune
A4837,train
A4838,train
A4839,val_tune
A4840,train
A4841,val_tune
A4842,val_tune
A4843,train
A4844,val_tune
A4845,train
A4846,val_tune
A4847,val_tune
A4848,train
A4849,val_tune
A4850,val_tune
A4851,val_tune
A4852,train
A4853,train
A4854,train
A4855,train
A4856,train
A4857,train
A4858,val_tune
A4859,val_tune
A4860,val_tune
A4861,val_tune
A4862,val_tune
A4863,val_tune
A4864,train
A4865,train
A4866,train
A4867,train
A4868,val_tune
A4869,train
A4870,train
A4871,val_tune
A4872,train
A4873,train
A4874,train
A4875,val_tune
A4876,train
A4877,val_tune
A4878,train
A4879,train
A4880,val_tune
A4881,val_tune
A4882,train
A4883,val_tune
A4884,val_tune
A4885,val_tune
A4886,val_tune
A4887,train
A4888,train
A4889,val_tune
A4890,train
A4891,val_tune
A4892,train
A4893,train
A4894,val_tune
A4895,val_tune
A4896,train
A4897,train
A4898,train
A4899,val_tune
A4900,train
A4901,val_tune
A4902,val_tune
A4903,val_tune
A4904,train
A4905,val_tune
A4906,val_tune
A4907,train
A4908,train
A4909,train
A4910,train
A4911,val_tune
A4912,train
A4913,val_tune
A4914,val_tune
A4915,train
A4916,train
A4917,val_tune
A4918,train
A4919,train
A4920,val_tune
A4921,train
A4922,val_tune
A4923,train
A4924,val_tune
A4925,val_tune
A4926,train
A4927,train
A4928,val_tune
A4929,val_tune
A4930,train
A4931,train
A4932,train
A4933,val_tune
A4934,val_tune
A4935,val_select
A4936,val_tune
A4937,val_tune
A4938,train
A4939,train
A4940,val_tune
A4941,val_tune
A4942,train
A4943,val_tune
A4944,train
A4945,train
A4946,val_tune
A4947,train
A4948,test
A4949,val_tune
A4950,train
A4951,train
A4952,val_tune
A4953,train
A4954,val_tune
A4955,train
A4956,val_tune
A4957,train
A4958,val_tune
A4959,train
A4960,train
A4961,train
A4962,val_tune
A4963,val_tune
A4964,train
A4965,train
A4966,val_tune
A4967,train
A4968,val_tune
A4969,val_tune
A4970,train
A4971,train
A4972,val_tune
A4973,train
A4974,train
A4975,val_tune
A4976,val_tune
A4977,val_tune
A4978,train
A4979,val_tune
A4980,val_tune
A4981,train
A4982,train
A4983,train
A4984,train
A4985,val_tune
A4986,train
A4987,val_tune
A4988,val_tune
A4989,train
A4990,train
A4991,train
A4992,train
A4993,train
A4994,val_tune
A4995,val_tune
A4996,train
A4997,val_tune
A4998,train
A4999,val_tune
A5000,train
A5001,train
A5002,val_tune
A5003,train
A5004,train
A5005,val_tune
A5006,train
A5007,val_tune
A5008,val_tune
A5009,train
A5010,train
A5011,train
A5012,train
A5013,val_tune
A5014,val_tune
A5015,val_tune
A5016,train
A5017,train
A5018,train
A5019,val_tune
A5020,val_tune
A5021,val_tune
A5022,train
A5023,train
A5024,train
A5025,val_tune
A5026,val_tune
A5027,train
A5028,val_tune
A5029,train
A5030,val_tune
A5031,train
A5032,val_tune
A5033,val_tune
A5034,train
A5035,train
A5036,train
A5037,train
A5038,val_tune
A5039,train
A5040,val_tune
A5041,val_tune
A5042,train
A5043,val_tune
A5044,train
A5045,val_tune
A5046,train
A5047,train
A5048,train
A5049,train
A5050,val_tune
A5051,train
A5052,train
A5053,train
A5054,val_tune
A5055,val_tune
A5056,train
A5057,val_tune
A5058,train
A5059,val_tune
A5060,train
A5061,train
A5062,val_tune
A5063,val_tune
A5064,train
A5065,val_tune
A5066,val_tune
A5067,train
A5068,val_tune
A5069,train
A5070,val_tune
A5071,train
A5072,val_tune
A5073,train
A5074,train
A5075,val_tune
A5076,train
A5077,train
A5078,val_tune
A5079,train
A5080,val_tune
A5081,val_tune
A5082,train
A5083,train
A5084,val_tune
A5085,train
A5086,val_tune
A5087,train
A5088,train
A5089,train
A5090,train
A5091,train
A5092,val_tune
A5093,train
A5094,val_tune
A5095,train
A5096,val_tune
A5097,val_tune
A5098,val_tune
A5099,train
A5100,train
A5101,train
A5102,val_tune
A5103,train
A5104,train
A5105,val_tune
A5106,val_select
A5107,val_tune
A5108,train
A5109,train
A5110,val_tune
A5111,train
A5112,train
A5113,train
A5114,val_tune
A5115,train
A5116,val_tune
A5117,train
A5118,train
A5119,val_tune
A5120,val_tune
A5121,train
A5122,val_tune
A5123,val_tune
A5124,train
A5125,train
A5126,train
A5127,train
A5128,val_tune
A5129,train
A5130,val_tune
A5131,val_tune
A5132,train
A5133,train
A5134,val_tune
A5135,train
A5136,val_tune
A5137,val_tune
A5138,train
A5139,val_tune
A5140,train
A5141,train
A5142,train
A5143,train
A5144,val_tune
A5145,train
A5146,train
A5147,train
A5148,train
A5149,val_tune
A5150,train
A5151,val_tune
A5152,train
A5153,val_select
A5154,val_tune
A5155,train
A5156,val_tune
A5157,val_tune
A5158,train
A5159,train
A5160,test
A5161,val_tune
A5162,train
A5163,val_tune
A5164,val_tune
A5165,val_tune
A5166,val_tune
A5167,train
A5168,train
A5169,train
A5170,train
A5171,val_tune
A5172,train
A5173,val_tune
A5174,val_tune
A5175,val_tune
A5176,val_tune
A5177,train
A5178,train
A5179,val_tune
A5180,train
A5181,train
A5182,train
A5183,val_tune
A5184,train
A5185,val_select
A5186,val_tune
A5187,train
A5188,train
A5189,test
A5190,train
A5191,train
A5192,train
A5193,train
A5194,train
A5195,val_tune
A5196,val_tune
A5197,val_tune
A5198,val_tune
A5199,val_tune
A5200,val_tune
A5201,val_tune
A5202,train
A5203,val_select
A5204,test
A5205,train
A5206,val_tune
A5207,train
A5208,train
A5209,train
A5210,train
A5211,train
A5212,train
A5213,val_select
A5214,train
A5215,train
A5216,val_tune
A5217,val_tune
A5218,val_tune
A5219,train
A5220,val_tune
A5221,val_tune
A5222,train
A5223,val_tune
A5224,test
A5225,train
A5226,train
A5227,val_tune
A5228,val_tune
A5229,train
A5230,train
A5231,train
A5232,train
A5233,val_tune
A5234,val_select
A5235,test
A5236,val_tune
A5237,val_tune
A5238,train
A5239,train
A5240,val_tune
A5241,val_tune
A5242,val_tune
A5243,train
A5244,train
A5245,val_select
A5246,test
A5247,val_tune
A5248,val_tune
A5249,val_tune
A5250,train
A5251,train
A5252,train
A5253,train
A5254,train
A5255,val_select
A5256,train
A5257,val_tune
A5258,train
A5259,train
A5260,test
A5261,val_tune
A5262,val_tune
A5263,train
A5264,val_tune
A5265,val_tune
A5266,val_tune
A5267,train
A5268,train
A5269,train
A5270,val_select
A5271,test
A5272,val_tune
A5273,val_tune
A5274,train
A5275,val_select
A5276,val_tune
A5277,train
A5278,train
A5279,test
A5280,train
A5281,val_select
A5282,train
A5283,test
A5284,test
A5285,val_tune
A5286,val_tune
A5287,val_tune
A5288,train
A5289,val_tune
A5290,train
A5291,val_select
A5292,test
A5293,val_tune
A5294,train
A5295,train
A5296,train
A5297,val_tune
A5298,val_tune
A5299,val_tune
A5300,train
A5301,val_select
A5302,train
A5303,val_tune
A5304,train
A5305,test
A5306,val_tune
A5307,train
A5308,train
A5309,train
A5310,train
A5311,val_tune
A5312,val_tune
A5313,train
A5314,train
A5315,val_select
A5316,val_tune
A5317,test
A5318,train
A5319,val_select
A5320,val_tune
A5321,val_select
A5322,train
A5323,train
A5324,val_tune
A5325,val_select
A5326,test
A5327,train
A5328,val_tune
A5329,train
A5330,val_tune
A5331,val_select
A5332,train
A5333,test
A5334,test
A5335,val_tune
A5336,train
A5337,train
A5338,val_select
A5339,test
A5340,train
A5341,test
A5342,val_tune
A5343,train
A5344,val_tune
A5345,val_tune
A5346,train
A5347,val_select
A5348,test
A5349,val_tune
A5350,train
A5351,val_select
A5352,val_tune
A5353,val_tune
A5354,val_select
A5355,val_tune
A5356,val_select
A5357,test
A5358,train
A5359,train
A5360,val_tune
A5361,val_tune
A5362,train
A5363,val_select
A5364,train
A5365,test
A5366,val_tune
A5367,train
A5368,val_tune
A5369,train
A5370,val_select
A5371,train
A5372,val_tune
A5373,val_tune
A5374,val_select
A5375,train
A5376,test
A5377,train
A5378,train
A5379,test
A5380,val_tune
A5381,train
A5382,val_select
A5383,val_tune
A5384,test
A5385,test
A5386,train
A5387,val_tune
A5388,train
A5389,train
A5390,train
A5391,val_tune
A5392,train
A5393,val_tune
A5394,train
A5395,val_select
A5396,val_tune
A5397,val_select
A5398,test
A5399,val_tune
A5400,train
A5401,val_tune
A5402,test
A5403,train
A5404,val_select
A5405,val_tune
A5406,test
A5407,val_tune
A5408,train
A5409,val_tune
A5410,val_select
A5411,train
A5412,train
A5413,train
A5414,val_tune
A5415,train
A5416,train
A5417,val_tune
A5418,val_tune
A5419,val_tune
A5420,train
A5421,val_select
A5422,train
A5423,train
A5424,val_select
A5425,val_select
A5426,test
A5427,val_tune
A5428,train
A5429,val_tune
A5430,val_tune
A5431,val_tune
A5432,test
A5433,test
A5434,val_select
A5435,val_tune
A5436,train
A5437,train
A5438,val_tune
A5439,val_select
A5440,train
A5441,train
A5442,val_select
A5443,train
A5444,test
A5445,train
A5446,val_tune
A5447,train
A5448,val_select
A5449,val_tune
A5450,test
A5451,test
A5452,train
A5453,train
A5454,test
A5455,val_tune
A5456,train
A5457,val_select
A5458,val_select
A5459,test
A5460,val_tune
A5461,test
A5462,train
A5463,test
A5464,val_tune
A5465,val_tune
A5466,test
A5467,train
A5468,val_tune
A5469,val_tune
A5470,train
A5471,train
A5472,val_select
A5473,test
A5474,train
A5475,val_tune
A5476,train
A5477,val_select
A5478,val_tune
A5479,val_select
A5480,val_select
A5481,test
A5482,val_tune
A5483,test
A5484,val_tune
A5485,val_select
A5486,train
A5487,val_tune
A5488,train
A5489,train
A5490,val_select
A5491,test
A5492,test
A5493,val_select
A5494,train
A5495,train
A5496,val_select
A5497,train
A5498,test
A5499,val_tune
A5500,val_select
A5501,val_tune
A5502,test
A5503,val_select
A5504,val_tune
A5505,train
A5506,test
A5507,test
A5508,train
A5509,train
A5510,val_select
A5511,val_tune
A5512,val_tune
A5513,test
A5514,val_select
A5515,test
A5516,val_select
A5517,train
A5518,val_tune
A5519,train
A5520,val_tune
A5521,val_select
A5522,val_select
A5523,train
A5524,test
A5525,test
A5526,test
A5527,train
A5528,train
A5529,train
A5530,val_tune
A5531,val_tune
A5532,val_tune
A5533,val_select
A5534,test
A5535,train
A5536,train
A5537,val_select
A5538,train
A5539,val_tune
A5540,val_select
A5541,test
A5542,val_select
A5543,val_tune
A5544,val_select
A5545,train
A5546,test
A5547,val_select
A5548,train
A5549,val_select
A5550,train
A5551,test
A5552,val_tune
A5553,test
A5554,val_select
A5555,val_tune
A5556,test
A5557,val_tune
A5558,val_tune
A5559,val_select
A5560,test
A5561,test
A5562,train
A5563,val_select
A5564,val_tune
A5565,val_select
A5566,test
A5567,test
A5568,train
A5569,val_tune
A5570,val_tune
A5571,train
A5572,val_tune
A5573,test
A5574,val_select
A5575,train
A5576,train
A5577,val_select
A5578,train
A5579,train
A5580,test
A5581,train
A5582,val_select
A5583,train
A5584,val_tune
A5585,test
A5586,val_select
A5587,val_select
A5588,test
A5589,train
A5590,train
A5591,train
A5592,test
A5593,train
A5594,test
A5595,train
A5596,val_tune
A5597,train
A5598,val_tune
A5599,test
A5600,val_tune
A5601,val_tune
A5602,train
A5603,val_select
A5604,val_select
A5605,val_tune
A5606,val_select
A5607,val_tune
A5608,train
A5609,train
A5610,val_select
A5611,test
A5612,val_select
A5613,val_select
A5614,train
A5615,val_tune
A5616,test
A5617,train
A5618,val_select
A5619,test
A5620,val_tune
A5621,val_tune
A5622,test
A5623,test
A5624,train
A5625,test
A5626,val_tune
A5627,train
A5628,val_tune
A5629,val_select
A5630,test
A5631,train
A5632,train
A5633,val_select
A5634,train
A5635,train
A5636,val_select
A5637,val_tune
A5638,train
A5639,val_tune
A5640,val_select
A5641,val_tune
A5642,test
A5643,train
A5644,test
A5645,val_select
A5646,test
A5647,val_tune
A5648,test
A5649,test
A5650,train
A5651,train
A5652,val_tune
A5653,val_tune
A5654,val_select
A5655,val_select
A5656,train
A5657,val_tune
A5658,test
A5659,val_select
A5660,train
A5661,test
A5662,val_select
A5663,test
A5664,test
A5665,val_select
A5666,train
A5667,val_tune
A5668,val_tune
A5669,val_tune
A5670,train
A5671,val_select
A5672,train
A5673,train
A5674,val_select
A5675,train
A5676,test
A5677,train
A5678,train
A5679,val_tune
A5680,val_select
A5681,train
A5682,val_tune
A5683,train
A5684,train
A5685,val_select
A5686,test
A5687,val_select
A5688,val_select
A5689,train
A5690,test
A5691,val_tune
A5692,test
A5693,test
A5694,val_tune
A5695,val_tune
A5696,val_select
A5697,train
A5698,val_tune
A5699,train
A5700,val_select
A5701,test
A5702,val_tune
A5703,train
A5704,val_select
A5705,val_tune
A5706,test
A5707,test
A5708,val_select
A5709,test
A5710,train
A5711,train
A5712,test
A5713,val_tune
A5714,train
A5715,train
A5716,val_select
A5717,val_tune
A5718,val_select
A5719,val_select
A5720,test
A5721,val_tune
A5722,train
A5723,val_select
A5724,train
A5725,test
A5726,val_tune
A5727,test
A5728,val_tune
A5729,train
A5730,train
A5731,test
A5732,val_tune
A5733,test
A5734,val_tune
A5735,train
A5736,val_tune
A5737,val_select
A5738,val_select
A5739,train
A5740,val_select
A5741,test
A5742,test
A5743,val_tune
A5744,train
A5745,val_tune
A5746,val_select
A5747,val_select
A5748,test
A5749,val_select
A5750,test
A5751,train
A5752,train
A5753,train
A5754,test
A5755,val_tune
A5756,test
A5757,train
A5758,val_tune
A5759,train
A5760,train
A5761,val_select
A5762,train
A5763,val_tune
A5764,val_tune
A5765,train
A5766,val_tune
A5767,val_select
A5768,val_tune
A5769,train
A5770,train
A5771,test
A5772,val_select
A5773,val_select
A5774,test
A5775,train
A5776,val_select
A5777,test
A5778,val_select
A5779,val_select
A5780,test
A5781,train
A5782,train
A5783,train
A5784,val_tune
A5785,test
A5786,val_tune
A5787,val_select
A5788,test
A5789,val_tune
A5790,test
A5791,train
A5792,test
A5793,train
A5794,train
A5795,train
A5796,val_tune
A5797,val_select
A5798,val_tune
A5799,train
A5800,train
A5801,train
A5802,val_tune
A5803,val_select
A5804,test
A5805,val_tune
A5806,test
A5807,train
A5808,train
A5809,train
A5810,train
A5811,val_tune
A5812,train
A5813,train
A5814,val_tune
A5815,train
A5816,train
A5817,val_select
A5818,val_tune
A5819,val_select
A5820,val_select
A5821,val_select
A5822,train
A5823,train
A5824,test
A5825,val_select
A5826,val_select
A5827,val_select
A5828,train
A5829,test
A5830,test
A5831,val_tune
A5832,val_tune
A5833,test
A5834,train
A5835,test
A5836,test
A5837,val_tune
A5838,test
A5839,val_tune
A5840,val_select
A5841,train
A5842,val_select
A5843,train
A5844,val_select
A5845,train
A5846,test
A5847,val_tune
A5848,train
A5849,train
A5850,test
A5851,test
A5852,train
A5853,val_tune
A5854,val_tune
A5855,train
A5856,val_select
A5857,val_select
A5858,test
A5859,val_tune
A5860,train
A5861,train
A5862,val_tune
A5863,val_select
A5864,train
A5865,train
A5866,val_select
A5867,test
A5868,val_tune
A5869,val_select
A5870,val_select
A5871,val_select
A5872,train
A5873,test
A5874,train
A5875,test
A5876,train
A5877,val_tune
A5878,val_tune
A5879,val_select
A5880,val_tune
A5881,test
A5882,test
A5883,test
A5884,val_select
A5885,train
A5886,val_select
A5887,val_select
A5888,test
A5889,val_tune
A5890,val_tune
A5891,val_tune
A5892,train
A5893,test
A5894,train
A5895,train
A5896,train
A5897,val_tune
A5898,val_select
A5899,test
A5900,train
A5901,val_tune
A5902,val_tune
A5903,val_select
A5904,test
A5905,train
A5906,val_select
A5907,val_select
A5908,val_tune
A5909,val_select
A5910,val_select
A5911,train
A5912,test
A5913,test
A5914,train
A5915,val_tune
A5916,val_tune
A5917,test
A5918,test
A5919,val_tune
A5920,train
A5921,train
A5922,test
A5923,val_tune
A5924,val_tune
A5925,val_select
A5926,val_tune
A5927,val_select
A5928,train
A5929,train
A5930,train
A5931,val_select
A5932,val_select
A5933,train
A5934,val_select
A5935,test
A5936,val_tune
A5937,test
A5938,val_select
A5939,train
A5940,val_tune
A5941,train
A5942,test
A5943,train
A5944,val_select
A5945,test
A5946,train
A5947,val_select
A5948,test
A5949,train
A5950,test
A5951,val_tune
A5952,train
A5953,val_select
A5954,val_select
A5955,val_tune
A5956,test
A5957,test
A5958,val_select
A5959,train
A5960,test
A5961,test
A5962,val_tune
A5963,val_tune
A5964,train
A5965,test
A5966,val_tune
A5967,train
A5968,train
A5969,train
A5970,val_select
A5971,train
A5972,train
A5973,val_tune
A5974,train
A5975,train
A5976,test
A5977,train
A5978,train
A5979,val_select
A5980,test
A5981,val_select
A5982,test
A5983,val_tune
A5984,val_tune
A5985,val_select
A5986,train
A5987,val_select
A5988,val_tune
A5989,val_tune
A5990,train
A5991,val_select
A5992,test
A5993,test
A5994,test
A5995,val_select
A5996,test
A5997,train
A5998,val_tune
A5999,val_select
A6000,test
A6001,test
A6002,train
A6003,train
A6004,val_select
A6005,test
A6006,val_tune
A6007,val_select
A6008,val_tune
A6009,train
A6010,train
A6011,test
A6012,val_tune
A6013,train
A6014,train
A6015,val_tune
A6016,train
A6017,val_tune
A6018,val_select
A6019,val_tune
A6020,val_select
A6021,test
A6022,val_tune
A6023,train
A6024,train
A6025,val_select
A6026,val_tune
A6027,val_select
A6028,test
A6029,val_select
A6030,train
A6031,train
A6032,test
A6033,test
A6034,val_tune
A6035,train
A6036,train
A6037,val_select
A6038,train
A6039,test
A6040,train
A6041,val_select
A6042,val_select
A6043,train
A6044,val_tune
A6045,val_tune
A6046,test
A6047,val_select
A6048,train
A6049,test
A6050,val_tune
A6051,val_select
A6052,test
A6053,val_select
A6054,val_select
A6055,val_tune
A6056,train
A6057,train
A6058,test
A6059,test
A6060,train
A6061,val_tune
A6062,val_tune
A6063,val_tune
A6064,val_tune
A6065,train
A6066,train
A6067,train
A6068,val_select
A6069,train
A6070,val_select
A6071,val_select
A6072,train
A6073,val_select
A6074,val_tune
A6075,train
A6076,val_select
A6077,test
A6078,test
A6079,val_tune
A6080,test
A6081,test
A6082,train
A6083,val_select
A6084,test
A6085,test
A6086,val_tune
A6087,train
A6088,train
A6089,val_select
A6090,test
A6091,train
A6092,train
A6093,test
A6094,val_select
A6095,train
A6096,val_tune
A6097,train
A6098,val_tune
A6099,train
A6100,train
A6101,val_tune
A6102,val_tune
A6103,val_select
A6104,test
A6105,val_tune
A6106,val_tune
A6107,test
A6108,val_tune
A6109,train
A6110,val_select
A6111,test
A6112,train
A6113,train
A6114,train
A6115,val_tune
A6116,train
A6117,val_select
A6118,val_select
A6119,val_select
A6120,test
A6121,train
A6122,test
A6123,val_tune
A6124,val_select
A6125,val_tune
A6126,val_select
A6127,train
A6128,val_select
A6129,train
A6130,test
A6131,test
A6132,test
A6133,val_tune
A6134,val_select
A6135,train
A6136,val_tune
A6137,train
A6138,train
A6139,train
A6140,train
A6141,val_tune
A6142,test
A6143,test
A6144,val_select
A6145,test
A6146,val_tune
A6147,train
A6148,train
A6149,train
A6150,val_tune
A6151,val_tune
A6152,train
A6153,val_select
A6154,train
A6155,train
A6156,train
A6157,val_select
A6158,test
A6159,val_tune
A6160,val_tune
A6161,train
A6162,val_select
A6163,val_select
A6164,val_select
A6165,test
A6166,val_select
A6167,test
A6168,train
A6169,train
A6170,train
A6171,val_select
A6172,val_tune
A6173,test
A6174,train
A6175,test
A6176,train
A6177,train
A6178,val_tune
A6179,val_tune
A6180,train
A6181,test
A6182,val_tune
A6183,val_select
A6184,train
A6185,train
A6186,val_select
A6187,val_select
A6188,test
A6189,val_select
A6190,val_tune
A6191,test
A6192,val_select
A6193,test
A6194,test
A6195,val_tune
A6196,train
A6197,train
A6198,test
A6199,val_tune
A6200,val_select
A6201,train
A6202,val_tune
A6203,train
A6204,train
A6205,train
A6206,val_tune
A6207,val_select
A6208,val_tune
A6209,test
A6210,train
A6211,train
A6212,val_tune
A6213,val_select
A6214,val_select
A6215,val_tune
A6216,train
A6217,test
A6218,train
A6219,train
A6220,train
A6221,test
A6222,val_select
A6223,train
A6224,val_select
A6225,test
A6226,train
A6227,val_tune
A6228,train
A6229,test
A6230,train
A6231,val_select
A6232,train
A6233,test
A6234,train
A6235,val_tune
A6236,val_select
A6237,train
A6238,val_select
A6239,test
A6240,val_tune
A6241,val_tune
A6242,train
A6243,val_select
A6244,test
A6245,test
A6246,val_tune
A6247,val_select
A6248,train
A6249,test
A6250,train
A6251,val_select
A6252,val_tune
A6253,train
A6254,train
A6255,val_select
A6256,val_tune
A6257,train
A6258,val_select
A6259,test
A6260,train
A6261,test
A6262,test
A6263,train
A6264,test
A6265,val_tune
A6266,val_tune
A6267,train
A6268,val_select
A6269,test
A6270,val_select
A6271,val_tune
A6272,val_tune
A6273,test
A6274,val_tune
A6275,test
A6276,test
A6277,val_select
A6278,val_tune
A6279,val_tune
A6280,val_select
A6281,train
A6282,test
A6283,val_tune
A6284,train
A6285,val_select
A6286,val_select
A6287,train
A6288,train
A6289,val_tune
A6290,val_tune
A6291,train
A6292,val_select
A6293,test
A6294,val_select
A6295,test
A6296,train
A6297,val_tune
A6298,test
A6299,train
A6300,train
A6301,test
A6302,train
A6303,val_select
A6304,val_tune
A6305,test
A6306,train
A6307,val_select
A6308,val_select
A6309,test
A6310,val_tune
A6311,train
A6312,val_select
A6313,train
A6314,val_tune
A6315,test
A6316,train
A6317,val_tune
A6318,train
A6319,test
A6320,train
A6321,val_tune
A6322,val_tune
A6323,val_select
A6324,train
A6325,val_select
A6326,val_select
A6327,train
A6328,train
A6329,test
A6330,test
A6331,val_tune
A6332,train
A6333,val_select
A6334,test
A6335,train
A6336,val_tune
A6337,test
A6338,train
A6339,val_tune
A6340,train
A6341,val_tune
A6342,test
A6343,val_select
A6344,train
A6345,test
A6346,train
A6347,train
A6348,val_tune
A6349,train
A6350,val_select
A6351,val_select
A6352,val_tune
A6353,val_select
A6354,train
A6355,test
A6356,val_tune
A6357,val_select
A6358,test
A6359,test
A6360,train
A6361,test
A6362,val_select
A6363,val_tune
A6364,test
A6365,train
A6366,val_tune
A6367,val_tune
A6368,val_select
A6369,test
A6370,val_select
A6371,train
A6372,train
A6373,val_select
A6374,val_select
A6375,test
A6376,test
A6377,train
A6378,val_tune
A6379,train
A6380,val_select
A6381,train
A6382,train
A6383,val_select
A6384,val_tune
A6385,train
A6386,val_tune
A6387,val_select
A6388,val_tune
A6389,val_select
A6390,test
A6391,test
A6392,test
A6393,test
A6394,train
A6395,val_tune
A6396,train
A6397,train
A6398,val_tune
A6399,val_tune
A6400,train
A6401,train
A6402,train
A6403,train
A6404,val_select
A6405,val_select
A6406,test
A6407,test
A6408,val_select
A6409,train
A6410,val_tune
A6411,val_tune
A6412,train
A6413,train
A6414,val_tune
A6415,val_tune
A6416,val_select
A6417,test
A6418,val_select
A6419,val_select
A6420,test
A6421,val_tune
A6422,train
A6423,test
A6424,val_tune
A6425,test
A6426,test
A6427,train
A6428,val_tune
A6429,val_select
A6430,val_select
A6431,val_tune
A6432,train
A6433,val_select
A6434,train
A6435,test
A6436,val_select
A6437,val_select
A6438,val_tune
A6439,test
A6440,train
A6441,val_select
A6442,val_select
A6443,test
A6444,train
A6445,test
A6446,val_tune
A6447,val_tune
A6448,test
A6449,train
A6450,val_tune
A6451,val_tune
A6452,train
A6453,val_tune
A6454,test
A6455,val_select
A6456,val_select
A6457,train
A6458,val_tune
A6459,val_tune
A6460,train
A6461,val_select
A6462,test
A6463,val_select
A6464,train
A6465,val_tune
A6466,val_select
A6467,test
A6468,val_select
A6469,train
A6470,test
A6471,train
A6472,test
A6473,train
A6474,train
A6475,train
A6476,val_tune
A6477,val_select
A6478,train
A6479,val_select
A6480,test
A6481,val_select
A6482,test
A6483,train
A6484,test
A6485,val_select
A6486,train
A6487,test
A6488,train
A6489,val_tune
A6490,train
A6491,test
A6492,val_tune
A6493,train
A6494,val_select
A6495,val_select
A6496,val_tune
A6497,test
A6498,test
A6499,val_tune
A6500,train
A6501,val_tune
A6502,train
A6503,val_select
A6504,train
A6505,val_tune
A6506,val_select
A6507,test
A6508,test
A6509,val_tune
A6510,train
A6511,train
A6512,val_tune
A6513,val_select
A6514,test
A6515,val_select
A6516,val_tune
A6517,train
A6518,val_select
A6519,val_select
A6520,val_tune
A6521,val_tune
A6522,val_select
A6523,test
A6524,val_tune
A6525,train
A6526,test
A6527,train
A6528,train
A6529,train
A6530,val_tune
A6531,val_select
A6532,test
A6533,test
A6534,train
A6535,val_select
A6536,test
A6537,val_tune
A6538,test
A6539,val_select
A6540,train
A6541,val_tune
A6542,train
A6543,train
A6544,train
A6545,val_tune
A6546,test
A6547,val_select
A6548,val_select
A6549,val_select
A6550,val_select
A6551,train
A6552,val_tune
A6553,train
A6554,test
A6555,test
A6556,val_tune
A6557,test
A6558,test
A6559,val_tune
A6560,train
A6561,val_tune
A6562,train
A6563,train
A6564,val_tune
A6565,val_select
A6566,train
A6567,val_select
A6568,test
A6569,val_tune
A6570,val_select
A6571,test
A6572,val_select
A6573,train
A6574,test
A6575,test
A6576,train
A6577,val_tune
A6578,train
A6579,val_select
A6580,val_select
A6581,val_tune
A6582,val_tune
A6583,train
A6584,val_tune
A6585,test
A6586,val_select
A6587,val_select
A6588,val_select
A6589,val_tune
A6590,val_tune
A6591,test
A6592,train
A6593,val_select
A6594,test
A6595,test
A6596,test
A6597,test
A6598,train
A6599,val_tune
A6600,train
A6601,val_select
A6602,val_tune
A6603,test
A6604,train
A6605,val_select
A6606,val_select
A6607,train
A6608,val_tune
A6609,test
A6610,train
A6611,train
A6612,test
A6613,train
A6614,val_tune
A6615,val_tune
A6616,train
A6617,val_tune
A6618,val_tune
A6619,val_select
A6620,test
A6621,train
A6622,val_select
A6623,val_select
A6624,test
A6625,val_select
A6626,test
A6627,test
A6628,train
A6629,train
A6630,val_select
A6631,val_tune
A6632,train
A6633,test
A6634,val_tune
A6635,train
A6636,val_select
A6637,test
A6638,val_select
A6639,test
A6640,train
A6641,test
A6642,val_tune
A6643,val_tune
A6644,val_tune
A6645,val_tune
A6646,train
A6647,val_select
A6648,test
A6649,train
A6650,val_select
A6651,test
A6652,test
A6653,val_tune
A6654,val_select
A6655,val_tune
A6656,train
A6657,val_tune
A6658,train
A6659,test
A6660,train
A6661,train
A6662,val_select
A6663,val_tune
A6664,train
A6665,val_select
A6666,test
A6667,val_tune
A6668,val_tune
A6669,train
A6670,val_select
A6671,test
A6672,test
A6673,val_select
A6674,train
A6675,train
A6676,val_tune
A6677,val_select
A6678,train
A6679,val_select
A6680,val_tune
A6681,val_select
A6682,val_select
A6683,test
A6684,test
A6685,val_select
A6686,val_tune
A6687,train
A6688,test
A6689,val_tune
A6690,val_tune
A6691,val_select
A6692,train
A6693,train
A6694,train
A6695,val_tune
A6696,val_select
A6697,test
A6698,test
A6699,val_tune
A6700,val_select
A6701,test
A6702,train
A6703,test
A6704,val_select
A6705,val_tune
A6706,train
A6707,test
A6708,train
A6709,val_select
A6710,val_tune
A6711,val_tune
A6712,test
A6713,val_select
A6714,train
A6715,val_tune
A6716,val_tune
A6717,val_tune
A6718,train
A6719,val_select
A6720,test
A6721,test
A6722,val_select
A6723,train
A6724,train
A6725,test
A6726,val_tune
A6727,test
A6728,val_tune
A6729,train
A6730,val_select
A6731,train
A6732,test
A6733,train
A6734,train
A6735,val_select
A6736,val_select
A6737,val_select
A6738,test
A6739,val_tune
A6740,val_tune
A6741,train
A6742,test
A6743,val_tune
A6744,val_select
A6745,val_tune
A6746,val_select
A6747,train
A6748,train
A6749,val_tune
A6750,test
A6751,val_select
A6752,val_select
A6753,val_select
A6754,test
A6755,test
A6756,val_tune
A6757,val_select
A6758,test
A6759,train
A6760,train
A6761,test
A6762,train
A6763,val_select
A6764,train
A6765,test
A6766,val_tune
A6767,val_tune
A6768,train
A6769,val_select
A6770,val_select
A6771,test
A6772,test
A6773,test
A6774,val_tune
A6775,test
A6776,train
A6777,val_tune
A6778,train
A6779,val_select
A6780,val_tune
A6781,val_select
A6782,train
A6783,test
A6784,val_tune
A6785,val_tune
A6786,val_select
A6787,train
A6788,test
A6789,val_select
A6790,train
A6791,val_select
A6792,train
A6793,test
A6794,val_tune
A6795,test
A6796,train
A6797,val_tune
A6798,train
A6799,val_tune
A6800,val_tune
A6801,test
A6802,train
A6803,train
A6804,train
A6805,val_select
A6806,val_tune
A6807,train
A6808,val_select
A6809,train
A6810,train
A6811,test
A6812,val_select
A6813,val_select
A6814,val_select
A6815,val_tune
A6816,train
A6817,train
A6818,train
A6819,test
A6820,test
A6821,val_select
A6822,train
A6823,test
A6824,test
A6825,val_tune
A6826,train
A6827,val_tune
A6828,val_tune
A6829,train
A6830,val_select
A6831,val_select
A6832,val_tune
A6833,test
A6834,train
A6835,test
A6836,val_tune
A6837,train
A6838,val_tune
A6839,val_select
A6840,val_select
A6841,val_tune
A6842,test
A6843,val_tune
A6844,val_select
A6845,train
A6846,val_select
A6847,test
A6848,train
A6849,val_select
A6850,val_select
A6851,test
A6852,test
A6853,test
A6854,test
A6855,val_tune
A6856,train
A6857,train
A6858,val_select
A6859,train
A6860,val_tune
A6861,train
A6862,train
A6863,val_tune
A6864,test
A6865,train
A6866,test
A6867,val_select
A6868,val_select
A6869,test
A6870,val_tune
A6871,val_tune
A6872,train
A6873,train
A6874,val_select
A6875,test
A6876,train
A6877,test
